loan_id,period,derived_source,shortfall_ksh
45,2024-12-13,Employer/check-off remittance shortfall,1427.79
45,2025-01-13,Employer/check-off remittance shortfall,4033.33
89,2025-04-24,Employer/check-off remittance shortfall,1101.59
89,2025-05-24,Employer/check-off remittance shortfall,1179.54
89,2025-06-24,Employer/check-off remittance shortfall,1033.17
113,2022-07-28,Employer/check-off remittance shortfall,908.09
113,2022-08-28,Employer/check-off remittance shortfall,1700.0
135,2023-03-24,Employer/check-off remittance shortfall,2310.13
135,2023-04-24,Employer/check-off remittance shortfall,954.02
135,2023-05-24,Employer/check-off remittance shortfall,2983.33
137,2024-04-16,Employer/check-off remittance shortfall,15566.67
137,2024-05-16,Employer/check-off remittance shortfall,7557.78
165,2025-12-19,Employer/check-off remittance shortfall,1911.14
165,2026-01-19,Employer/check-off remittance shortfall,1444.12
174,2024-04-28,Employer/check-off remittance shortfall,2474.34
174,2024-05-28,Employer/check-off remittance shortfall,1805.94
174,2024-06-28,Employer/check-off remittance shortfall,4043.48
174,2024-07-28,Employer/check-off remittance shortfall,1835.02
214,2024-12-12,Employer/check-off remittance shortfall,299.36
214,2025-01-12,Employer/check-off remittance shortfall,362.11
214,2025-02-12,Employer/check-off remittance shortfall,475.0
214,2025-03-12,Employer/check-off remittance shortfall,475.0
226,2026-02-21,Employer/check-off remittance shortfall,5066.67
226,2026-03-21,Employer/check-off remittance shortfall,2020.97
262,2025-04-28,Employer/check-off remittance shortfall,17433.33
262,2025-05-28,Employer/check-off remittance shortfall,17433.33
275,2024-05-28,Employer/check-off remittance shortfall,3385.41
275,2024-06-28,Employer/check-off remittance shortfall,4260.0
275,2024-07-28,Employer/check-off remittance shortfall,2440.82
277,2025-10-25,Employer/check-off remittance shortfall,958.33
277,2025-11-25,Employer/check-off remittance shortfall,958.33
277,2025-12-25,Employer/check-off remittance shortfall,958.33
277,2026-01-25,Employer/check-off remittance shortfall,958.33
284,2024-09-01,Employer/check-off remittance shortfall,3512.65
284,2024-10-01,Employer/check-off remittance shortfall,5730.77
286,2025-06-28,Employer/check-off remittance shortfall,8533.33
286,2025-07-28,Employer/check-off remittance shortfall,8533.33
315,2025-05-04,Employer/check-off remittance shortfall,5233.33
315,2025-06-04,Employer/check-off remittance shortfall,5233.33
330,2024-09-15,Employer/check-off remittance shortfall,8940.0
330,2024-10-15,Employer/check-off remittance shortfall,4208.42
330,2024-11-15,Employer/check-off remittance shortfall,5921.78
346,2026-05-10,Employer/check-off remittance shortfall,2936.11
346,2026-06-10,Employer/check-off remittance shortfall,2113.54
346,2026-07-10,Employer/check-off remittance shortfall,905.89
346,2026-08-10,Employer/check-off remittance shortfall,2936.11
351,2023-01-02,Employer/check-off remittance shortfall,4042.01
351,2023-02-02,Employer/check-off remittance shortfall,4272.83
351,2023-03-02,Employer/check-off remittance shortfall,5700.0
363,2023-01-09,Employer/check-off remittance shortfall,3875.0
363,2023-02-09,Employer/check-off remittance shortfall,3875.0
394,2026-04-10,Employer/check-off remittance shortfall,14226.53
394,2026-05-10,Employer/check-off remittance shortfall,14226.53
394,2026-06-10,Employer/check-off remittance shortfall,10547.5
394,2026-07-10,Employer/check-off remittance shortfall,14226.53
394,2026-08-10,Employer/check-off remittance shortfall,14226.53
395,2024-04-18,Employer/check-off remittance shortfall,4127.27
395,2024-05-18,Employer/check-off remittance shortfall,4127.27
395,2024-06-18,Employer/check-off remittance shortfall,2785.72
395,2024-07-18,Employer/check-off remittance shortfall,2721.76
395,2024-08-18,Employer/check-off remittance shortfall,2407.29
395,2024-09-18,Employer/check-off remittance shortfall,2415.87
395,2024-10-18,Employer/check-off remittance shortfall,2779.58
395,2024-11-18,Employer/check-off remittance shortfall,2415.72
395,2024-12-18,Employer/check-off remittance shortfall,4127.27
398,2026-07-21,Employer/check-off remittance shortfall,21629.17
398,2026-08-21,Employer/check-off remittance shortfall,11968.11
481,2025-12-09,Employer/check-off remittance shortfall,8105.08
481,2026-01-09,Employer/check-off remittance shortfall,8105.08
481,2026-02-09,Employer/check-off remittance shortfall,6464.03
481,2026-03-09,Employer/check-off remittance shortfall,8105.08
481,2026-04-09,Employer/check-off remittance shortfall,8105.08
481,2026-05-09,Employer/check-off remittance shortfall,3652.23
481,2026-06-09,Employer/check-off remittance shortfall,3115.0
481,2026-07-09,Employer/check-off remittance shortfall,6095.73
481,2026-08-09,Employer/check-off remittance shortfall,8105.08
518,2024-07-01,Employer/check-off remittance shortfall,1850.0
518,2024-08-01,Employer/check-off remittance shortfall,674.58
518,2024-09-01,Employer/check-off remittance shortfall,1850.0
523,2023-10-25,Employer/check-off remittance shortfall,6993.01
523,2023-11-25,Employer/check-off remittance shortfall,6717.43
564,2024-09-09,Employer/check-off remittance shortfall,3683.05
564,2024-10-09,Employer/check-off remittance shortfall,1263.77
564,2024-11-09,Employer/check-off remittance shortfall,3683.05
564,2024-12-09,Employer/check-off remittance shortfall,2479.75
564,2025-01-09,Employer/check-off remittance shortfall,3683.05
564,2025-02-09,Employer/check-off remittance shortfall,3683.05
564,2025-03-09,Employer/check-off remittance shortfall,3683.05
584,2024-03-19,Employer/check-off remittance shortfall,2216.67
584,2024-04-19,Employer/check-off remittance shortfall,2216.67
584,2024-05-19,Employer/check-off remittance shortfall,2216.67
585,2026-03-28,Employer/check-off remittance shortfall,1702.25
585,2026-04-28,Employer/check-off remittance shortfall,1520.43
592,2024-01-03,Employer/check-off remittance shortfall,2009.69
592,2024-02-03,Employer/check-off remittance shortfall,2608.33
592,2024-03-03,Employer/check-off remittance shortfall,2608.33
592,2024-04-03,Employer/check-off remittance shortfall,2608.33
641,2026-05-22,Employer/check-off remittance shortfall,12950.0
641,2026-06-22,Employer/check-off remittance shortfall,12950.0
5,2025-04-25,Direct/member-side repayment shortfall,5440.0
5,2025-05-25,Direct/member-side repayment shortfall,2699.35
6,2024-12-28,Direct/member-side repayment shortfall,4614.29
6,2025-01-28,Direct/member-side repayment shortfall,4614.29
6,2025-02-28,Direct/member-side repayment shortfall,1536.73
6,2025-03-28,Direct/member-side repayment shortfall,4614.29
6,2025-04-28,Direct/member-side repayment shortfall,4614.29
6,2025-05-28,Direct/member-side repayment shortfall,3523.03
11,2025-12-12,Direct/member-side repayment shortfall,1457.14
11,2026-01-12,Direct/member-side repayment shortfall,762.91
11,2026-02-12,Direct/member-side repayment shortfall,1457.14
13,2026-07-05,Direct/member-side repayment shortfall,5217.36
13,2026-08-05,Direct/member-side repayment shortfall,16630.61
18,2025-02-28,Direct/member-side repayment shortfall,2991.67
18,2025-03-28,Direct/member-side repayment shortfall,2991.67
23,2023-05-26,Direct/member-side repayment shortfall,1474.94
23,2023-06-26,Direct/member-side repayment shortfall,4300.0
23,2023-07-26,Direct/member-side repayment shortfall,4300.0
30,2025-10-25,Direct/member-side repayment shortfall,3270.83
30,2025-11-25,Direct/member-side repayment shortfall,3270.83
30,2025-12-25,Direct/member-side repayment shortfall,3270.83
30,2026-01-25,Direct/member-side repayment shortfall,3270.83
30,2026-02-25,Direct/member-side repayment shortfall,2375.53
44,2024-03-21,Direct/member-side repayment shortfall,1855.44
44,2024-04-21,Direct/member-side repayment shortfall,3375.0
44,2024-05-21,Direct/member-side repayment shortfall,2458.31
44,2024-06-21,Direct/member-side repayment shortfall,3375.0
44,2024-07-21,Direct/member-side repayment shortfall,3375.0
44,2024-08-21,Direct/member-side repayment shortfall,3375.0
44,2024-09-21,Direct/member-side repayment shortfall,3375.0
62,2026-06-01,Direct/member-side repayment shortfall,11408.57
62,2026-07-01,Direct/member-side repayment shortfall,11408.57
62,2026-08-01,Direct/member-side repayment shortfall,11408.57
63,2023-03-28,Direct/member-side repayment shortfall,5216.22
63,2023-04-28,Direct/member-side repayment shortfall,1614.07
63,2023-05-28,Direct/member-side repayment shortfall,2553.0
63,2023-06-28,Direct/member-side repayment shortfall,5216.22
63,2023-07-28,Direct/member-side repayment shortfall,3166.57
63,2023-08-28,Direct/member-side repayment shortfall,5216.22
70,2025-08-03,Direct/member-side repayment shortfall,7492.41
70,2025-09-03,Direct/member-side repayment shortfall,13782.86
70,2025-10-03,Direct/member-side repayment shortfall,18885.42
70,2025-11-03,Direct/member-side repayment shortfall,18885.42
91,2026-06-15,Direct/member-side repayment shortfall,6138.75
91,2026-07-15,Direct/member-side repayment shortfall,8901.36
91,2026-08-15,Direct/member-side repayment shortfall,16077.08
98,2023-11-10,Direct/member-side repayment shortfall,9925.0
98,2023-12-10,Direct/member-side repayment shortfall,4935.78
99,2026-05-15,Direct/member-side repayment shortfall,3480.56
99,2026-06-15,Direct/member-side repayment shortfall,3480.56
99,2026-07-15,Direct/member-side repayment shortfall,3480.56
99,2026-08-15,Direct/member-side repayment shortfall,3480.56
101,2025-05-01,Direct/member-side repayment shortfall,3800.0
101,2025-06-01,Direct/member-side repayment shortfall,3800.0
105,2025-01-06,Direct/member-side repayment shortfall,936.36
105,2025-02-06,Direct/member-side repayment shortfall,936.36
105,2025-03-06,Direct/member-side repayment shortfall,722.85
105,2025-04-06,Direct/member-side repayment shortfall,936.36
105,2025-05-06,Direct/member-side repayment shortfall,936.36
115,2023-11-20,Direct/member-side repayment shortfall,3452.89
115,2023-12-20,Direct/member-side repayment shortfall,5992.0
115,2024-01-20,Direct/member-side repayment shortfall,5992.0
115,2024-02-20,Direct/member-side repayment shortfall,1967.33
115,2024-03-20,Direct/member-side repayment shortfall,5992.0
115,2024-04-20,Direct/member-side repayment shortfall,5992.0
115,2024-05-20,Direct/member-side repayment shortfall,5992.0
115,2024-06-20,Direct/member-side repayment shortfall,5992.0
115,2024-07-20,Direct/member-side repayment shortfall,5992.0
115,2024-08-20,Direct/member-side repayment shortfall,4518.25
115,2024-09-20,Direct/member-side repayment shortfall,5992.0
115,2024-10-20,Direct/member-side repayment shortfall,5992.0
115,2024-11-20,Direct/member-side repayment shortfall,5992.0
115,2024-12-20,Direct/member-side repayment shortfall,5992.0
117,2023-11-08,Direct/member-side repayment shortfall,1657.58
117,2023-12-08,Direct/member-side repayment shortfall,1523.96
117,2024-01-08,Direct/member-side repayment shortfall,4540.0
117,2024-02-08,Direct/member-side repayment shortfall,4540.0
136,2026-03-20,Direct/member-side repayment shortfall,3330.77
136,2026-04-20,Direct/member-side repayment shortfall,3330.77
136,2026-05-20,Direct/member-side repayment shortfall,3330.77
140,2024-01-15,Direct/member-side repayment shortfall,8950.0
140,2024-02-15,Direct/member-side repayment shortfall,8950.0
140,2024-03-15,Direct/member-side repayment shortfall,3436.61
150,2024-06-10,Direct/member-side repayment shortfall,4648.0
150,2024-07-10,Direct/member-side repayment shortfall,3062.43
150,2024-08-10,Direct/member-side repayment shortfall,4648.0
150,2024-09-10,Direct/member-side repayment shortfall,1876.79
150,2024-10-10,Direct/member-side repayment shortfall,4648.0
150,2024-11-10,Direct/member-side repayment shortfall,4648.0
150,2024-12-10,Direct/member-side repayment shortfall,4648.0
151,2023-05-23,Direct/member-side repayment shortfall,4542.86
151,2023-06-23,Direct/member-side repayment shortfall,4542.86
151,2023-07-23,Direct/member-side repayment shortfall,1794.79
154,2026-07-04,Direct/member-side repayment shortfall,1000.0
154,2026-08-04,Direct/member-side repayment shortfall,1000.0
172,2026-02-07,Direct/member-side repayment shortfall,5800.0
172,2026-03-07,Direct/member-side repayment shortfall,5800.0
175,2026-06-27,Direct/member-side repayment shortfall,2669.23
175,2026-07-27,Direct/member-side repayment shortfall,2669.23
175,2026-08-27,Direct/member-side repayment shortfall,1900.64
202,2026-01-12,Direct/member-side repayment shortfall,18233.33
202,2026-02-12,Direct/member-side repayment shortfall,11783.94
216,2024-07-24,Direct/member-side repayment shortfall,2385.26
216,2024-08-24,Direct/member-side repayment shortfall,4200.0
216,2024-09-24,Direct/member-side repayment shortfall,4200.0
218,2022-09-04,Direct/member-side repayment shortfall,4750.0
218,2022-10-04,Direct/member-side repayment shortfall,1587.56
218,2022-11-04,Direct/member-side repayment shortfall,3017.95
218,2022-12-04,Direct/member-side repayment shortfall,2033.1
218,2023-01-04,Direct/member-side repayment shortfall,4750.0
220,2026-06-28,Direct/member-side repayment shortfall,14151.06
220,2026-07-28,Direct/member-side repayment shortfall,4666.34
220,2026-08-28,Direct/member-side repayment shortfall,8966.66
221,2026-04-02,Direct/member-side repayment shortfall,6675.42
221,2026-05-02,Direct/member-side repayment shortfall,9120.0
221,2026-06-02,Direct/member-side repayment shortfall,5839.54
221,2026-07-02,Direct/member-side repayment shortfall,9120.0
231,2026-07-20,Direct/member-side repayment shortfall,1676.92
231,2026-08-20,Direct/member-side repayment shortfall,717.89
232,2026-07-22,Direct/member-side repayment shortfall,1350.0
232,2026-08-22,Direct/member-side repayment shortfall,672.63
243,2026-07-18,Direct/member-side repayment shortfall,4542.86
243,2026-08-18,Direct/member-side repayment shortfall,4542.86
245,2026-04-24,Direct/member-side repayment shortfall,10094.76
245,2026-05-24,Direct/member-side repayment shortfall,26724.49
245,2026-06-24,Direct/member-side repayment shortfall,26724.49
245,2026-07-24,Direct/member-side repayment shortfall,26724.49
245,2026-08-24,Direct/member-side repayment shortfall,9427.63
248,2024-09-15,Direct/member-side repayment shortfall,3491.67
248,2024-10-15,Direct/member-side repayment shortfall,3491.67
248,2024-11-15,Direct/member-side repayment shortfall,3491.67
278,2024-01-19,Direct/member-side repayment shortfall,898.67
278,2024-02-19,Direct/member-side repayment shortfall,1585.71
280,2025-06-01,Direct/member-side repayment shortfall,2027.27
280,2025-07-01,Direct/member-side repayment shortfall,610.52
280,2025-08-01,Direct/member-side repayment shortfall,2027.27
280,2025-09-01,Direct/member-side repayment shortfall,2027.27
280,2025-10-01,Direct/member-side repayment shortfall,2027.27
280,2025-11-01,Direct/member-side repayment shortfall,2027.27
280,2025-12-01,Direct/member-side repayment shortfall,2027.27
280,2026-01-01,Direct/member-side repayment shortfall,1289.67
289,2023-02-28,Direct/member-side repayment shortfall,5060.0
289,2023-03-28,Direct/member-side repayment shortfall,5060.0
289,2023-04-28,Direct/member-side repayment shortfall,5060.0
289,2023-05-28,Direct/member-side repayment shortfall,5060.0
309,2025-12-28,Direct/member-side repayment shortfall,1671.43
309,2026-01-28,Direct/member-side repayment shortfall,1076.85
309,2026-02-28,Direct/member-side repayment shortfall,1671.43
316,2023-12-20,Direct/member-side repayment shortfall,2185.71
316,2024-01-20,Direct/member-side repayment shortfall,2185.71
323,2026-07-05,Direct/member-side repayment shortfall,8748.53
323,2026-08-05,Direct/member-side repayment shortfall,13250.0
328,2024-12-20,Direct/member-side repayment shortfall,3642.86
328,2025-01-20,Direct/member-side repayment shortfall,2043.13
328,2025-02-20,Direct/member-side repayment shortfall,3642.86
328,2025-03-20,Direct/member-side repayment shortfall,1212.28
328,2025-04-20,Direct/member-side repayment shortfall,3642.86
328,2025-05-20,Direct/member-side repayment shortfall,3642.86
356,2023-02-08,Direct/member-side repayment shortfall,629.4
356,2023-03-08,Direct/member-side repayment shortfall,1201.53
356,2023-04-08,Direct/member-side repayment shortfall,937.71
359,2022-06-16,Direct/member-side repayment shortfall,4473.15
359,2022-07-16,Direct/member-side repayment shortfall,7014.29
359,2022-08-16,Direct/member-side repayment shortfall,4991.6
359,2022-09-16,Direct/member-side repayment shortfall,7014.29
359,2022-10-16,Direct/member-side repayment shortfall,2882.22
359,2022-11-16,Direct/member-side repayment shortfall,7014.29
382,2024-08-01,Direct/member-side repayment shortfall,7266.67
382,2024-09-01,Direct/member-side repayment shortfall,4923.83
382,2024-10-01,Direct/member-side repayment shortfall,7266.67
393,2024-11-12,Direct/member-side repayment shortfall,4827.27
393,2024-12-12,Direct/member-side repayment shortfall,4827.27
393,2025-01-12,Direct/member-side repayment shortfall,3370.01
393,2025-02-12,Direct/member-side repayment shortfall,4827.27
396,2025-02-10,Direct/member-side repayment shortfall,958.33
396,2025-03-10,Direct/member-side repayment shortfall,958.33
396,2025-04-10,Direct/member-side repayment shortfall,444.98
396,2025-05-10,Direct/member-side repayment shortfall,958.33
396,2025-06-10,Direct/member-side repayment shortfall,958.33
407,2026-02-09,Direct/member-side repayment shortfall,2540.0
407,2026-03-09,Direct/member-side repayment shortfall,1815.18
413,2025-03-25,Direct/member-side repayment shortfall,1641.67
413,2025-04-25,Direct/member-side repayment shortfall,1641.67
413,2025-05-25,Direct/member-side repayment shortfall,1641.67
421,2025-03-01,Direct/member-side repayment shortfall,10840.75
421,2025-04-01,Direct/member-side repayment shortfall,8210.83
421,2025-05-01,Direct/member-side repayment shortfall,12207.27
426,2025-02-13,Direct/member-side repayment shortfall,1427.27
426,2025-03-13,Direct/member-side repayment shortfall,1427.27
426,2025-04-13,Direct/member-side repayment shortfall,1427.27
426,2025-05-13,Direct/member-side repayment shortfall,1427.27
432,2024-04-20,Direct/member-side repayment shortfall,5183.33
432,2024-05-20,Direct/member-side repayment shortfall,5183.33
432,2024-06-20,Direct/member-side repayment shortfall,2570.93
432,2024-07-20,Direct/member-side repayment shortfall,5183.33
432,2024-08-20,Direct/member-side repayment shortfall,5183.33
432,2024-09-20,Direct/member-side repayment shortfall,2704.12
432,2024-10-20,Direct/member-side repayment shortfall,5183.33
432,2024-11-20,Direct/member-side repayment shortfall,3430.21
432,2024-12-20,Direct/member-side repayment shortfall,5183.33
432,2025-01-20,Direct/member-side repayment shortfall,3005.19
432,2025-02-20,Direct/member-side repayment shortfall,3430.99
433,2023-02-24,Direct/member-side repayment shortfall,4018.18
433,2023-03-24,Direct/member-side repayment shortfall,1255.11
433,2023-04-24,Direct/member-side repayment shortfall,2504.66
433,2023-05-24,Direct/member-side repayment shortfall,4018.18
433,2023-06-24,Direct/member-side repayment shortfall,4018.18
433,2023-07-24,Direct/member-side repayment shortfall,4018.18
433,2023-08-24,Direct/member-side repayment shortfall,4018.18
433,2023-09-24,Direct/member-side repayment shortfall,4018.18
433,2023-10-24,Direct/member-side repayment shortfall,4018.18
433,2023-11-24,Direct/member-side repayment shortfall,4018.18
444,2024-09-23,Direct/member-side repayment shortfall,1358.33
444,2024-10-23,Direct/member-side repayment shortfall,1019.11
444,2024-11-23,Direct/member-side repayment shortfall,890.74
444,2024-12-23,Direct/member-side repayment shortfall,574.93
444,2025-01-23,Direct/member-side repayment shortfall,990.9
444,2025-02-23,Direct/member-side repayment shortfall,1358.33
444,2025-03-23,Direct/member-side repayment shortfall,1358.33
444,2025-04-23,Direct/member-side repayment shortfall,1358.33
444,2025-05-23,Direct/member-side repayment shortfall,1358.33
447,2025-11-06,Direct/member-side repayment shortfall,5720.0
447,2025-12-06,Direct/member-side repayment shortfall,1856.62
451,2024-11-17,Direct/member-side repayment shortfall,2855.24
451,2024-12-17,Direct/member-side repayment shortfall,4266.67
464,2025-11-21,Direct/member-side repayment shortfall,4476.65
464,2025-12-21,Direct/member-side repayment shortfall,1988.98
464,2026-01-21,Direct/member-side repayment shortfall,6138.78
465,2024-12-09,Direct/member-side repayment shortfall,2214.29
465,2025-01-09,Direct/member-side repayment shortfall,2214.29
465,2025-02-09,Direct/member-side repayment shortfall,2214.29
468,2022-05-21,Direct/member-side repayment shortfall,13000.0
468,2022-06-21,Direct/member-side repayment shortfall,13000.0
477,2025-08-03,Direct/member-side repayment shortfall,3250.0
477,2025-09-03,Direct/member-side repayment shortfall,3250.0
477,2025-10-03,Direct/member-side repayment shortfall,2322.98
477,2025-11-03,Direct/member-side repayment shortfall,3250.0
477,2025-12-03,Direct/member-side repayment shortfall,1491.72
477,2026-01-03,Direct/member-side repayment shortfall,3250.0
477,2026-02-03,Direct/member-side repayment shortfall,1781.38
477,2026-03-03,Direct/member-side repayment shortfall,3250.0
489,2026-04-01,Direct/member-side repayment shortfall,2733.33
489,2026-05-01,Direct/member-side repayment shortfall,1460.6
489,2026-06-01,Direct/member-side repayment shortfall,2733.33
489,2026-07-01,Direct/member-side repayment shortfall,931.01
499,2025-01-10,Direct/member-side repayment shortfall,1367.33
499,2025-02-10,Direct/member-side repayment shortfall,1463.51
499,2025-03-10,Direct/member-side repayment shortfall,2983.33
499,2025-04-10,Direct/member-side repayment shortfall,2983.33
505,2024-03-21,Direct/member-side repayment shortfall,4600.0
505,2024-04-21,Direct/member-side repayment shortfall,4600.0
511,2022-10-18,Direct/member-side repayment shortfall,3615.69
511,2022-11-18,Direct/member-side repayment shortfall,3904.84
511,2022-12-18,Direct/member-side repayment shortfall,2853.57
511,2023-01-18,Direct/member-side repayment shortfall,5083.33
513,2026-03-28,Direct/member-side repayment shortfall,5343.33
513,2026-04-28,Direct/member-side repayment shortfall,5343.33
513,2026-05-28,Direct/member-side repayment shortfall,5343.33
513,2026-06-28,Direct/member-side repayment shortfall,5343.33
517,2024-11-24,Direct/member-side repayment shortfall,3592.14
517,2024-12-24,Direct/member-side repayment shortfall,4825.0
533,2026-05-14,Direct/member-side repayment shortfall,603.1
533,2026-06-14,Direct/member-side repayment shortfall,915.38
533,2026-07-14,Direct/member-side repayment shortfall,915.38
533,2026-08-14,Direct/member-side repayment shortfall,915.38
535,2024-04-28,Direct/member-side repayment shortfall,4191.51
535,2024-05-28,Direct/member-side repayment shortfall,4208.43
535,2024-06-28,Direct/member-side repayment shortfall,4314.55
535,2024-07-28,Direct/member-side repayment shortfall,3985.46
535,2024-08-28,Direct/member-side repayment shortfall,5688.14
536,2025-09-14,Direct/member-side repayment shortfall,7637.5
536,2025-10-14,Direct/member-side repayment shortfall,5530.14
536,2025-11-14,Direct/member-side repayment shortfall,7637.5
536,2025-12-14,Direct/member-side repayment shortfall,7637.5
536,2026-01-14,Direct/member-side repayment shortfall,7637.5
536,2026-02-14,Direct/member-side repayment shortfall,3360.47
536,2026-03-14,Direct/member-side repayment shortfall,5953.54
536,2026-04-14,Direct/member-side repayment shortfall,7637.5
536,2026-05-14,Direct/member-side repayment shortfall,7637.5
536,2026-06-14,Direct/member-side repayment shortfall,7637.5
536,2026-07-14,Direct/member-side repayment shortfall,3469.58
536,2026-08-14,Direct/member-side repayment shortfall,5252.18
538,2024-07-02,Direct/member-side repayment shortfall,27200.0
538,2024-08-02,Direct/member-side repayment shortfall,27200.0
548,2024-12-09,Direct/member-side repayment shortfall,1200.0
548,2025-01-09,Direct/member-side repayment shortfall,1200.0
548,2025-02-09,Direct/member-side repayment shortfall,1200.0
551,2025-03-01,Direct/member-side repayment shortfall,894.42
551,2025-04-01,Direct/member-side repayment shortfall,1300.0
567,2026-04-08,Direct/member-side repayment shortfall,1827.27
567,2026-05-08,Direct/member-side repayment shortfall,1167.94
567,2026-06-08,Direct/member-side repayment shortfall,1827.27
572,2025-03-28,Direct/member-side repayment shortfall,3083.33
572,2025-04-28,Direct/member-side repayment shortfall,3083.33
572,2025-05-28,Direct/member-side repayment shortfall,3083.33
572,2025-06-28,Direct/member-side repayment shortfall,1257.8
572,2025-07-28,Direct/member-side repayment shortfall,1621.51
577,2025-04-24,Direct/member-side repayment shortfall,7920.0
577,2025-05-24,Direct/member-side repayment shortfall,7920.0
577,2025-06-24,Direct/member-side repayment shortfall,7920.0
577,2025-07-24,Direct/member-side repayment shortfall,4900.96
582,2023-10-28,Direct/member-side repayment shortfall,8260.0
582,2023-11-28,Direct/member-side repayment shortfall,8260.0
583,2026-06-08,Direct/member-side repayment shortfall,857.21
583,2026-07-08,Direct/member-side repayment shortfall,1218.18
588,2024-03-21,Direct/member-side repayment shortfall,12125.0
588,2024-04-21,Direct/member-side repayment shortfall,6369.7
588,2024-05-21,Direct/member-side repayment shortfall,8731.09
600,2026-05-04,Direct/member-side repayment shortfall,3816.67
600,2026-06-04,Direct/member-side repayment shortfall,1463.83
617,2024-01-20,Direct/member-side repayment shortfall,4680.0
617,2024-02-20,Direct/member-side repayment shortfall,4680.0
623,2024-10-16,Direct/member-side repayment shortfall,2150.0
623,2024-11-16,Direct/member-side repayment shortfall,2150.0
623,2024-12-16,Direct/member-side repayment shortfall,2150.0
634,2026-02-28,Direct/member-side repayment shortfall,1087.82
634,2026-03-28,Direct/member-side repayment shortfall,2162.05
634,2026-04-28,Direct/member-side repayment shortfall,3066.67
634,2026-05-28,Direct/member-side repayment shortfall,1109.91
634,2026-06-28,Direct/member-side repayment shortfall,3066.67
634,2026-07-28,Direct/member-side repayment shortfall,3066.67
634,2026-08-28,Direct/member-side repayment shortfall,1936.03
644,2024-12-05,Direct/member-side repayment shortfall,31166.67
644,2025-01-05,Direct/member-side repayment shortfall,31166.67
648,2024-09-20,Direct/member-side repayment shortfall,2718.18
648,2024-10-20,Direct/member-side repayment shortfall,2718.18
648,2024-11-20,Direct/member-side repayment shortfall,2718.18
648,2024-12-20,Direct/member-side repayment shortfall,1389.71
648,2025-01-20,Direct/member-side repayment shortfall,1463.1
648,2025-02-20,Direct/member-side repayment shortfall,2718.18
648,2025-03-20,Direct/member-side repayment shortfall,2002.97
648,2025-04-20,Direct/member-side repayment shortfall,2718.18
648,2025-05-20,Direct/member-side repayment shortfall,2718.18
648,2025-06-20,Direct/member-side repayment shortfall,2718.18
