loan_id,case_open_date,case_close_date,referred_amount_ksh,recovered_in_window_ksh
5,2025-05-31,2025-12-01,8139.35,0
6,2025-01-31,2025-07-31,23516.92,0
11,2026-01-31,2026-07-31,3677.1900000000005,3677.19
13,2026-08-31,2027-03-03,21847.97,0
18,2025-03-31,2025-10-01,5983.34,0
23,2023-06-30,2023-12-30,10074.94,10074.94
30,2025-11-30,2026-05-30,15458.849999999999,15458.85
44,2024-04-30,2024-10-30,21188.75,0
45,2025-01-31,2025-07-31,5461.12,0
62,2026-07-31,2027-01-31,34225.71,34225.71
63,2023-04-30,2023-10-30,22982.300000000003,22982.3
70,2025-09-30,2026-03-30,59046.10999999999,59046.11
89,2025-05-31,2025-12-01,3314.3,0
91,2026-07-31,2027-01-31,31117.190000000002,0
98,2023-12-31,2024-07-01,14860.779999999999,0
99,2026-06-30,2026-12-30,13922.24,0
101,2025-05-31,2025-12-01,7600.0,0
105,2025-02-28,2025-08-28,4468.29,4468.29
113,2022-08-31,2023-03-03,2608.09,0
115,2023-12-31,2024-07-01,41372.22,0
117,2023-12-31,2024-07-01,12261.54,0
135,2023-04-30,2023-10-30,6247.48,0
136,2026-04-30,2026-10-30,9992.31,9992.31
137,2024-05-31,2024-12-01,23124.45,0
140,2024-02-29,2024-08-29,21336.61,0
150,2024-07-31,2025-01-31,28179.22,28179.22
151,2023-06-30,2023-12-30,10880.509999999998,10880.51
154,2026-08-31,2027-03-03,2000.0,0
174,2024-05-31,2024-12-01,10158.78,10158.78
175,2026-07-31,2027-01-31,7239.1,0
202,2026-02-28,2026-08-28,30017.270000000004,0
214,2025-01-31,2025-07-31,1611.47,1611.47
216,2024-08-31,2025-03-03,10785.26,10785.26
218,2022-10-31,2023-05-01,16138.61,0
220,2026-07-31,2027-01-31,27784.059999999998,0
221,2026-05-31,2026-12-01,30754.96,0
232,2026-08-31,2027-03-03,2022.63,0
243,2026-08-31,2027-03-03,9085.72,0
245,2026-05-31,2026-12-01,99695.86000000002,0
248,2024-10-31,2025-05-01,10475.01,10475.01
262,2025-05-31,2025-12-01,34866.66,0
275,2024-06-30,2024-12-30,10086.23,0
277,2025-11-30,2026-05-30,3833.32,3833.32
280,2025-07-31,2026-01-31,14063.81,0
286,2025-07-31,2026-01-31,17066.66,0
289,2023-03-31,2023-10-01,20240.0,0
309,2026-01-31,2026-07-31,4419.71,0
315,2025-06-30,2025-12-30,10466.66,0
316,2024-01-31,2024-07-31,4371.42,0
323,2026-08-31,2027-03-03,21998.53,0
328,2025-01-31,2025-07-31,17826.850000000002,17826.85
330,2024-10-31,2025-05-01,19070.2,0
346,2026-06-30,2026-12-30,8891.65,0
351,2023-02-28,2023-08-28,14014.84,0
356,2023-03-31,2023-10-01,2768.6400000000003,0
359,2022-07-31,2023-01-31,33389.84,0
382,2024-08-31,2025-03-03,19457.17,0
393,2024-12-31,2025-07-01,17851.82,0
394,2026-05-31,2026-12-01,67453.62,0
395,2024-05-31,2024-12-01,23780.480000000003,0
396,2025-03-31,2025-10-01,4278.3,4278.3
398,2026-08-31,2027-03-03,33597.28,0
413,2025-04-30,2025-10-30,4925.01,0
421,2025-03-31,2025-10-01,31258.85,31258.85
426,2025-03-31,2025-10-01,5709.08,0
432,2024-05-31,2024-12-01,34621.909999999996,0
433,2023-03-31,2023-10-01,27868.85,0
444,2024-10-31,2025-05-01,8909.0,0
447,2025-12-31,2026-07-01,7576.62,0
451,2024-12-31,2025-07-01,7121.91,0
464,2025-12-31,2026-07-01,12604.41,12604.41
465,2025-01-31,2025-07-31,6642.87,6642.87
468,2022-06-30,2022-12-30,26000.0,0
477,2025-09-30,2026-03-30,21846.08,0
481,2026-01-31,2026-07-31,51747.31,0
489,2026-05-31,2026-12-01,7858.2699999999995,7858.27
499,2025-02-28,2025-08-28,8797.5,0
505,2024-04-30,2024-10-30,9200.0,0
511,2022-11-30,2023-05-30,15457.43,0
513,2026-04-30,2026-10-30,21373.32,21373.32
517,2024-12-31,2025-07-01,8417.14,0
518,2024-07-31,2025-01-31,4374.58,0
523,2023-11-30,2024-05-30,13710.44,0
533,2026-06-30,2026-12-30,3349.24,0
535,2024-05-31,2024-12-01,22388.09,22388.09
536,2025-10-31,2026-05-01,53031.65,0
538,2024-08-31,2025-03-03,54400.0,0
548,2025-01-31,2025-07-31,3600.0,0
551,2025-03-31,2025-10-01,2194.42,0
564,2024-10-31,2025-05-01,22158.77,22158.77
567,2026-05-31,2026-12-01,4822.48,0
572,2025-04-30,2025-10-30,12129.3,0
577,2025-05-31,2025-12-01,28660.96,0
584,2024-04-30,2024-10-30,6650.01,6650.01
585,2026-04-30,2026-10-30,3222.6800000000003,0
588,2024-04-30,2024-10-30,27225.79,27225.79
592,2024-02-29,2024-08-29,9834.68,0
600,2026-06-30,2026-12-30,5280.5,0
617,2024-02-29,2024-08-29,9360.0,0
623,2024-11-30,2025-05-30,6450.0,0
634,2026-03-31,2026-10-01,15495.82,0
641,2026-06-30,2026-12-30,25900.0,0
644,2025-01-31,2025-07-31,62333.34,0
648,2024-10-31,2025-05-01,18446.68,0
