remittance_id,loan_id,period,expected_deduction_ksh,remitted_amount_ksh,remittance_date
1,1,2026-03-16,6400.0,6400.0,2026-03-16
2,1,2026-04-16,6400.0,6400.0,2026-04-16
3,2,2026-01-03,3047.83,3047.83,2026-01-03
4,2,2026-02-03,3047.83,3047.83,2026-02-03
5,2,2026-03-03,3047.83,3047.83,2026-03-03
6,2,2026-04-03,3047.83,3047.83,2026-04-03
7,2,2026-05-03,3047.83,3047.83,2026-05-03
8,2,2026-06-03,3047.83,3047.83,2026-06-11
9,2,2026-07-03,3047.83,3047.83,2026-07-03
10,2,2026-08-03,3047.83,3047.83,2026-08-03
11,14,2026-06-05,4040.0,4040.0,2026-06-05
12,14,2026-07-05,4040.0,4040.0,2026-07-05
13,14,2026-08-05,4040.0,4040.0,2026-08-05
14,15,2023-11-08,4925.0,4925.0,2023-11-08
15,15,2023-12-08,4925.0,4925.0,2023-12-08
16,15,2024-01-08,4925.0,4925.0,2024-01-08
17,15,2024-02-08,4925.0,4925.0,2024-02-08
18,15,2024-03-08,4925.0,4925.0,2024-03-08
19,15,2024-04-08,4925.0,4925.0,2024-04-08
20,15,2024-05-08,4925.0,4925.0,2024-05-08
21,15,2024-06-08,4925.0,4925.0,2024-06-08
22,15,2024-07-08,4925.0,4925.0,2024-07-08
23,15,2024-08-08,4925.0,4925.0,2024-08-08
24,15,2024-09-08,4925.0,4925.0,2024-09-08
25,15,2024-10-08,4925.0,4925.0,2024-10-08
26,22,2024-04-06,941.67,941.67,2024-04-06
27,22,2024-05-06,941.67,941.67,2024-05-06
28,22,2024-06-06,941.67,941.67,2024-06-06
29,22,2024-07-06,941.67,941.67,2024-07-06
30,22,2024-08-06,941.67,941.67,2024-08-06
31,22,2024-09-06,941.67,941.67,2024-09-06
32,22,2024-10-06,941.67,941.67,2024-10-06
33,22,2024-11-06,941.67,941.67,2024-11-06
34,22,2024-12-06,941.67,941.67,2024-12-06
35,22,2025-01-06,941.67,941.67,2025-01-06
36,22,2025-02-06,941.67,941.67,2025-02-06
37,22,2025-03-06,941.67,941.67,2025-03-06
38,25,2026-05-28,928.57,928.57,2026-05-28
39,25,2026-06-28,928.57,928.57,2026-06-28
40,25,2026-07-28,928.57,928.57,2026-07-28
41,25,2026-08-28,928.57,928.57,2026-08-28
42,29,2023-08-28,2216.67,2216.67,2023-08-28
43,29,2023-09-28,2216.67,2216.67,2023-09-28
44,29,2023-10-28,2216.67,2216.67,2023-10-28
45,29,2023-11-28,2216.67,2216.67,2023-11-28
46,29,2023-12-28,2216.67,2216.67,2023-12-28
47,29,2024-01-28,2216.67,2216.67,2024-01-28
48,29,2024-02-28,2216.67,2216.67,2024-02-28
49,29,2024-03-28,2216.67,2216.67,2024-03-28
50,29,2024-04-28,2216.67,2216.67,2024-05-03
51,29,2024-05-28,2216.67,2216.67,2024-05-28
52,29,2024-06-28,2216.67,2216.67,2024-06-28
53,29,2024-07-28,2216.67,2216.67,2024-07-28
54,36,2026-06-03,9760.0,9760.0,2026-06-03
55,36,2026-07-03,9760.0,9760.0,2026-07-03
56,36,2026-08-03,9760.0,9760.0,2026-08-03
57,37,2024-05-13,16934.69,16934.69,2024-05-13
58,37,2024-06-13,16934.69,16934.69,2024-06-13
59,37,2024-07-13,16934.69,16934.69,2024-07-13
60,37,2024-08-13,16934.69,16934.69,2024-08-13
61,37,2024-09-13,16934.69,16934.69,2024-09-13
62,37,2024-10-13,16934.69,16934.69,2024-10-13
63,37,2024-11-13,16934.69,16934.69,2024-11-13
64,37,2024-12-13,16934.69,16934.69,2024-12-13
65,37,2025-01-13,16934.69,16934.69,2025-01-13
66,37,2025-02-13,16934.69,16934.69,2025-02-13
67,37,2025-03-13,16934.69,16934.69,2025-03-13
68,37,2025-04-13,16934.69,16934.69,2025-04-13
69,37,2025-05-13,16934.69,16934.69,2025-05-16
70,37,2025-06-13,16934.69,16934.69,2025-06-13
71,37,2025-07-13,16934.69,16934.69,2025-07-13
72,37,2025-08-13,16934.69,16934.69,2025-08-13
73,37,2025-09-13,16934.69,16934.69,2025-09-13
74,37,2025-10-13,16934.69,16934.69,2025-10-13
75,37,2025-11-13,16934.69,16934.69,2025-11-13
76,37,2025-12-13,16934.69,16934.69,2025-12-13
77,37,2026-01-13,16934.69,16934.69,2026-01-21
78,37,2026-02-13,16934.69,16934.69,2026-02-13
79,37,2026-03-13,16934.69,16934.69,2026-03-13
80,37,2026-04-13,16934.69,16934.69,2026-04-13
81,37,2026-05-13,16934.69,16934.69,2026-05-13
82,37,2026-06-13,16934.69,16934.69,2026-06-13
83,37,2026-07-13,16934.69,16934.69,2026-07-13
84,37,2026-08-13,16934.69,16934.69,2026-08-13
85,40,2024-10-10,3508.33,3508.33,2024-10-10
86,40,2024-11-10,3508.33,3508.33,2024-11-10
87,40,2024-12-10,3508.33,3508.33,2024-12-10
88,40,2025-01-10,3508.33,3508.33,2025-01-18
89,40,2025-02-10,3508.33,3508.33,2025-02-10
90,40,2025-03-10,3508.33,3508.33,2025-03-10
91,40,2025-04-10,3508.33,3508.33,2025-04-10
92,40,2025-05-10,3508.33,3508.33,2025-05-10
93,40,2025-06-10,3508.33,3508.33,2025-06-10
94,40,2025-07-10,3508.33,3508.33,2025-07-10
95,40,2025-08-10,3508.33,3508.33,2025-08-10
96,40,2025-09-10,3508.33,3508.33,2025-09-10
97,41,2026-02-16,2376.92,2376.92,2026-02-16
98,41,2026-03-16,2376.92,2376.92,2026-03-16
99,41,2026-04-16,2376.92,2376.92,2026-04-16
100,41,2026-05-16,2376.92,2376.92,2026-05-16
101,41,2026-06-16,2376.92,2376.92,2026-06-16
102,41,2026-07-16,2376.92,2376.92,2026-07-16
103,41,2026-08-16,2376.92,2376.92,2026-08-16
104,42,2023-09-28,3058.33,3058.33,2023-09-28
105,42,2023-10-28,3058.33,3058.33,2023-10-28
106,42,2023-11-28,3058.33,3058.33,2023-11-28
107,42,2023-12-28,3058.33,3058.33,2023-12-28
108,42,2024-01-28,3058.33,3058.33,2024-01-28
109,42,2024-02-28,3058.33,3058.33,2024-02-28
110,42,2024-03-28,3058.33,3058.33,2024-03-28
111,42,2024-04-28,3058.33,3058.33,2024-04-28
112,42,2024-05-28,3058.33,3058.33,2024-05-28
113,42,2024-06-28,3058.33,3058.33,2024-06-28
114,42,2024-07-28,3058.33,3058.33,2024-07-28
115,42,2024-08-28,3058.33,3058.33,2024-08-28
116,45,2024-08-13,4033.33,4033.33,2024-08-13
117,45,2024-09-13,4033.33,4033.33,2024-09-13
118,45,2024-10-13,4033.33,4033.33,2024-10-19
119,45,2024-11-13,4033.33,4033.33,2024-11-13
120,45,2024-12-13,4033.33,2605.54,2025-01-03
121,45,2025-01-13,4033.33,0.0,
122,47,2024-07-07,13459.46,13459.46,2024-07-07
123,47,2024-08-07,13459.46,13459.46,2024-08-07
124,47,2024-09-07,13459.46,13459.46,2024-09-07
125,47,2024-10-07,13459.46,13459.46,2024-10-07
126,47,2024-11-07,13459.46,13459.46,2024-11-07
127,47,2024-12-07,13459.46,13459.46,2024-12-07
128,47,2025-01-07,13459.46,13459.46,2025-01-07
129,47,2025-02-07,13459.46,13459.46,2025-02-07
130,47,2025-03-07,13459.46,13459.46,2025-03-07
131,47,2025-04-07,13459.46,13459.46,2025-04-07
132,47,2025-05-07,13459.46,13459.46,2025-05-07
133,47,2025-06-07,13459.46,13459.46,2025-06-07
134,47,2025-07-07,13459.46,13459.46,2025-07-07
135,47,2025-08-07,13459.46,13459.46,2025-08-14
136,47,2025-09-07,13459.46,13459.46,2025-09-07
137,47,2025-10-07,13459.46,13459.46,2025-10-07
138,47,2025-11-07,13459.46,13459.46,2025-11-07
139,47,2025-12-07,13459.46,13459.46,2025-12-11
140,47,2026-01-07,13459.46,13459.46,2026-01-07
141,47,2026-02-07,13459.46,13459.46,2026-02-11
142,47,2026-03-07,13459.46,13459.46,2026-03-07
143,47,2026-04-07,13459.46,13459.46,2026-04-07
144,47,2026-05-07,13459.46,13459.46,2026-05-07
145,47,2026-06-07,13459.46,13459.46,2026-06-07
146,47,2026-07-07,13459.46,13459.46,2026-07-07
147,47,2026-08-07,13459.46,13459.46,2026-08-07
148,51,2023-08-04,5644.9,5644.9,2023-08-04
149,51,2023-09-04,5644.9,5644.9,2023-09-04
150,51,2023-10-04,5644.9,5644.9,2023-10-04
151,51,2023-11-04,5644.9,5644.9,2023-11-04
152,51,2023-12-04,5644.9,5644.9,2023-12-04
153,51,2024-01-04,5644.9,5644.9,2024-01-04
154,51,2024-02-04,5644.9,5644.9,2024-02-04
155,51,2024-03-04,5644.9,5644.9,2024-03-04
156,51,2024-04-04,5644.9,5644.9,2024-04-04
157,51,2024-05-04,5644.9,5644.9,2024-05-04
158,51,2024-06-04,5644.9,5644.9,2024-06-04
159,51,2024-07-04,5644.9,5644.9,2024-07-04
160,51,2024-08-04,5644.9,5644.9,2024-08-04
161,51,2024-09-04,5644.9,5644.9,2024-09-04
162,51,2024-10-04,5644.9,5644.9,2024-10-04
163,51,2024-11-04,5644.9,5644.9,2024-11-04
164,51,2024-12-04,5644.9,5644.9,2024-12-04
165,51,2025-01-04,5644.9,5644.9,2025-01-04
166,51,2025-02-04,5644.9,5644.9,2025-02-04
167,51,2025-03-04,5644.9,5644.9,2025-03-04
168,51,2025-04-04,5644.9,5644.9,2025-04-09
169,51,2025-05-04,5644.9,5644.9,2025-05-04
170,51,2025-06-04,5644.9,5644.9,2025-06-04
171,51,2025-07-04,5644.9,5644.9,2025-07-04
172,51,2025-08-04,5644.9,5644.9,2025-08-04
173,51,2025-09-04,5644.9,5644.9,2025-09-04
174,51,2025-10-04,5644.9,5644.9,2025-10-04
175,51,2025-11-04,5644.9,5644.9,2025-11-10
176,51,2025-12-04,5644.9,5644.9,2025-12-04
177,51,2026-01-04,5644.9,5644.9,2026-01-04
178,51,2026-02-04,5644.9,5644.9,2026-02-04
179,51,2026-03-04,5644.9,5644.9,2026-03-04
180,51,2026-04-04,5644.9,5644.9,2026-04-04
181,51,2026-05-04,5644.9,5644.9,2026-05-04
182,51,2026-06-04,5644.9,5644.9,2026-06-04
183,51,2026-07-04,5644.9,5644.9,2026-07-04
184,51,2026-08-04,5644.9,5644.9,2026-08-04
185,53,2022-05-14,2462.3,2462.3,2022-05-14
186,53,2022-06-14,2462.3,2462.3,2022-06-14
187,53,2022-07-14,2462.3,2462.3,2022-07-14
188,53,2022-08-14,2462.3,2462.3,2022-08-14
189,53,2022-09-14,2462.3,2462.3,2022-09-14
190,53,2022-10-14,2462.3,2462.3,2022-10-14
191,53,2022-11-14,2462.3,2462.3,2022-11-14
192,53,2022-12-14,2462.3,2462.3,2022-12-14
193,53,2023-01-14,2462.3,2462.3,2023-01-14
194,53,2023-02-14,2462.3,2462.3,2023-02-14
195,53,2023-03-14,2462.3,2462.3,2023-03-14
196,53,2023-04-14,2462.3,2462.3,2023-04-14
197,53,2023-05-14,2462.3,2462.3,2023-05-18
198,53,2023-06-14,2462.3,2462.3,2023-06-14
199,53,2023-07-14,2462.3,2462.3,2023-07-14
200,53,2023-08-14,2462.3,2462.3,2023-08-14
201,53,2023-09-14,2462.3,2462.3,2023-09-14
202,53,2023-10-14,2462.3,2462.3,2023-10-14
203,53,2023-11-14,2462.3,2462.3,2023-11-14
204,53,2023-12-14,2462.3,2462.3,2023-12-14
205,53,2024-01-14,2462.3,2462.3,2024-01-14
206,53,2024-02-14,2462.3,2462.3,2024-02-14
207,53,2024-03-14,2462.3,2462.3,2024-03-14
208,53,2024-04-14,2462.3,2462.3,2024-04-14
209,53,2024-05-14,2462.3,2462.3,2024-05-14
210,53,2024-06-14,2462.3,2462.3,2024-06-14
211,53,2024-07-14,2462.3,2462.3,2024-07-14
212,53,2024-08-14,2462.3,2462.3,2024-08-14
213,53,2024-09-14,2462.3,2462.3,2024-09-14
214,53,2024-10-14,2462.3,2462.3,2024-10-14
215,53,2024-11-14,2462.3,2462.3,2024-11-14
216,53,2024-12-14,2462.3,2462.3,2024-12-14
217,53,2025-01-14,2462.3,2462.3,2025-01-22
218,53,2025-02-14,2462.3,2462.3,2025-02-14
219,53,2025-03-14,2462.3,2462.3,2025-03-14
220,53,2025-04-14,2462.3,2462.3,2025-04-14
221,53,2025-05-14,2462.3,2462.3,2025-05-14
222,53,2025-06-14,2462.3,2462.3,2025-06-14
223,53,2025-07-14,2462.3,2462.3,2025-07-19
224,53,2025-08-14,2462.3,2462.3,2025-08-14
225,53,2025-09-14,2462.3,2462.3,2025-09-14
226,53,2025-10-14,2462.3,2462.3,2025-10-14
227,53,2025-11-14,2462.3,2462.3,2025-11-14
228,53,2025-12-14,2462.3,2462.3,2025-12-14
229,53,2026-01-14,2462.3,2462.3,2026-01-14
230,53,2026-02-14,2462.3,2462.3,2026-02-14
231,53,2026-03-14,2462.3,2462.3,2026-03-14
232,53,2026-04-14,2462.3,2462.3,2026-04-14
233,53,2026-05-14,2462.3,2462.3,2026-05-14
234,53,2026-06-14,2462.3,2462.3,2026-06-14
235,53,2026-07-14,2462.3,2462.3,2026-07-14
236,53,2026-08-14,2462.3,2462.3,2026-08-14
237,54,2025-08-04,746.15,746.15,2025-08-13
238,54,2025-09-04,746.15,746.15,2025-09-04
239,54,2025-10-04,746.15,746.15,2025-10-04
240,54,2025-11-04,746.15,746.15,2025-11-04
241,54,2025-12-04,746.15,746.15,2025-12-04
242,54,2026-01-04,746.15,746.15,2026-01-04
243,54,2026-02-04,746.15,746.15,2026-02-04
244,54,2026-03-04,746.15,746.15,2026-03-04
245,54,2026-04-04,746.15,746.15,2026-04-04
246,54,2026-05-04,746.15,746.15,2026-05-04
247,54,2026-06-04,746.15,746.15,2026-06-04
248,54,2026-07-04,746.15,746.15,2026-07-04
249,54,2026-08-04,746.15,746.15,2026-08-04
250,56,2025-11-27,1475.0,1475.0,2025-11-27
251,56,2025-12-27,1475.0,1475.0,2025-12-27
252,56,2026-01-27,1475.0,1475.0,2026-01-27
253,56,2026-02-27,1475.0,1475.0,2026-02-27
254,59,2025-11-28,1931.67,1931.67,2025-11-28
255,59,2025-12-28,1931.67,1931.67,2025-12-28
256,59,2026-01-28,1931.67,1931.67,2026-01-28
257,59,2026-02-28,1931.67,1931.67,2026-02-28
258,59,2026-03-28,1931.67,1931.67,2026-03-28
259,59,2026-04-28,1931.67,1931.67,2026-04-28
260,59,2026-05-28,1931.67,1931.67,2026-05-28
261,59,2026-06-28,1931.67,1931.67,2026-06-28
262,59,2026-07-28,1931.67,1931.67,2026-07-28
263,59,2026-08-28,1931.67,1931.67,2026-08-28
264,60,2026-07-03,4440.0,4440.0,2026-07-10
265,60,2026-08-03,4440.0,4440.0,2026-08-03
266,64,2024-09-18,583.33,583.33,2024-09-18
267,64,2024-10-18,583.33,583.33,2024-10-18
268,64,2024-11-18,583.33,583.33,2024-11-18
269,64,2024-12-18,583.33,583.33,2024-12-18
270,64,2025-01-18,583.33,583.33,2025-01-18
271,64,2025-02-18,583.33,583.33,2025-02-18
272,65,2026-06-28,11200.0,11200.0,2026-06-28
273,65,2026-07-28,11200.0,11200.0,2026-07-28
274,65,2026-08-28,11200.0,11200.0,2026-08-28
275,66,2023-04-27,3509.09,3509.09,2023-04-27
276,66,2023-05-27,3509.09,3509.09,2023-05-27
277,66,2023-06-27,3509.09,3509.09,2023-06-27
278,66,2023-07-27,3509.09,3509.09,2023-07-27
279,66,2023-08-27,3509.09,3509.09,2023-08-27
280,66,2023-09-27,3509.09,3509.09,2023-09-27
281,66,2023-10-27,3509.09,3509.09,2023-10-27
282,66,2023-11-27,3509.09,3509.09,2023-11-27
283,66,2023-12-27,3509.09,3509.09,2024-01-01
284,66,2024-01-27,3509.09,3509.09,2024-01-27
285,66,2024-02-27,3509.09,3509.09,2024-03-07
286,69,2022-11-14,1971.43,1971.43,2022-11-14
287,69,2022-12-14,1971.43,1971.43,2022-12-14
288,69,2023-01-14,1971.43,1971.43,2023-01-14
289,69,2023-02-14,1971.43,1971.43,2023-02-14
290,69,2023-03-14,1971.43,1971.43,2023-03-14
291,69,2023-04-14,1971.43,1971.43,2023-04-14
292,69,2023-05-14,1971.43,1971.43,2023-05-14
293,73,2023-07-04,1909.09,1909.09,2023-07-04
294,73,2023-08-04,1909.09,1909.09,2023-08-04
295,73,2023-09-04,1909.09,1909.09,2023-09-04
296,73,2023-10-04,1909.09,1909.09,2023-10-04
297,73,2023-11-04,1909.09,1909.09,2023-11-04
298,73,2023-12-04,1909.09,1909.09,2023-12-04
299,73,2024-01-04,1909.09,1909.09,2024-01-04
300,73,2024-02-04,1909.09,1909.09,2024-02-04
301,73,2024-03-04,1909.09,1909.09,2024-03-04
302,73,2024-04-04,1909.09,1909.09,2024-04-04
303,73,2024-05-04,1909.09,1909.09,2024-05-04
304,74,2026-07-28,4100.0,4100.0,2026-07-28
305,74,2026-08-28,4100.0,4100.0,2026-08-28
306,77,2025-01-06,23333.33,23333.33,2025-01-06
307,77,2025-02-06,23333.33,23333.33,2025-02-06
308,77,2025-03-06,23333.33,23333.33,2025-03-06
309,80,2026-08-08,2333.33,2333.33,2026-08-08
310,81,2022-09-28,457.14,457.14,2022-09-28
311,81,2022-10-28,457.14,457.14,2022-10-28
312,81,2022-11-28,457.14,457.14,2022-11-28
313,81,2022-12-28,457.14,457.14,2022-12-28
314,81,2023-01-28,457.14,457.14,2023-01-28
315,81,2023-02-28,457.14,457.14,2023-02-28
316,81,2023-03-28,457.14,457.14,2023-03-28
317,82,2025-11-25,3900.0,3900.0,2025-11-25
318,82,2025-12-25,3900.0,3900.0,2025-12-25
319,82,2026-01-25,3900.0,3900.0,2026-01-25
320,82,2026-02-25,3900.0,3900.0,2026-02-25
321,82,2026-03-25,3900.0,3900.0,2026-03-25
322,82,2026-04-25,3900.0,3900.0,2026-04-25
323,84,2026-06-28,2750.0,2750.0,2026-06-28
324,84,2026-07-28,2750.0,2750.0,2026-07-28
325,84,2026-08-28,2750.0,2750.0,2026-08-28
326,85,2024-09-23,2450.0,2450.0,2024-09-23
327,85,2024-10-23,2450.0,2450.0,2024-11-01
328,85,2024-11-23,2450.0,2450.0,2024-11-23
329,85,2024-12-23,2450.0,2450.0,2024-12-23
330,86,2026-01-28,2051.35,2051.35,2026-01-28
331,86,2026-02-28,2051.35,2051.35,2026-03-07
332,86,2026-03-28,2051.35,2051.35,2026-03-28
333,86,2026-04-28,2051.35,2051.35,2026-04-28
334,86,2026-05-28,2051.35,2051.35,2026-05-28
335,86,2026-06-28,2051.35,2051.35,2026-06-28
336,86,2026-07-28,2051.35,2051.35,2026-07-28
337,86,2026-08-28,2051.35,2051.35,2026-08-28
338,89,2025-02-24,2800.0,2800.0,2025-02-24
339,89,2025-03-24,2800.0,2800.0,2025-03-24
340,89,2025-04-24,2800.0,1698.41,2025-05-17
341,89,2025-05-24,2800.0,1620.46,2025-06-12
342,89,2025-06-24,2800.0,1766.83,2025-07-14
343,90,2023-05-16,2350.0,2350.0,2023-05-16
344,90,2023-06-16,2350.0,2350.0,2023-06-16
345,90,2023-07-16,2350.0,2350.0,2023-07-16
346,90,2023-08-16,2350.0,2350.0,2023-08-16
347,90,2023-09-16,2350.0,2350.0,2023-09-16
348,90,2023-10-16,2350.0,2350.0,2023-10-16
349,92,2023-04-28,1461.54,1461.54,2023-04-28
350,92,2023-05-28,1461.54,1461.54,2023-06-05
351,92,2023-06-28,1461.54,1461.54,2023-06-28
352,92,2023-07-28,1461.54,1461.54,2023-07-28
353,92,2023-08-28,1461.54,1461.54,2023-08-28
354,92,2023-09-28,1461.54,1461.54,2023-09-28
355,92,2023-10-28,1461.54,1461.54,2023-10-28
356,92,2023-11-28,1461.54,1461.54,2023-11-28
357,92,2023-12-28,1461.54,1461.54,2023-12-28
358,92,2024-01-28,1461.54,1461.54,2024-02-03
359,92,2024-02-28,1461.54,1461.54,2024-02-28
360,92,2024-03-28,1461.54,1461.54,2024-03-28
361,92,2024-04-28,1461.54,1461.54,2024-04-28
362,95,2025-08-15,18566.67,18566.67,2025-08-15
363,95,2025-09-15,18566.67,18566.67,2025-09-15
364,95,2025-10-15,18566.67,18566.67,2025-10-19
365,100,2024-12-07,4491.67,4491.67,2024-12-15
366,100,2025-01-07,4491.67,4491.67,2025-01-07
367,100,2025-02-07,4491.67,4491.67,2025-02-07
368,100,2025-03-07,4491.67,4491.67,2025-03-07
369,100,2025-04-07,4491.67,4491.67,2025-04-07
370,100,2025-05-07,4491.67,4491.67,2025-05-07
371,100,2025-06-07,4491.67,4491.67,2025-06-07
372,100,2025-07-07,4491.67,4491.67,2025-07-07
373,100,2025-08-07,4491.67,4491.67,2025-08-07
374,100,2025-09-07,4491.67,4491.67,2025-09-07
375,100,2025-10-07,4491.67,4491.67,2025-10-07
376,100,2025-11-07,4491.67,4491.67,2025-11-07
377,107,2026-07-09,2150.0,2150.0,2026-07-09
378,107,2026-08-09,2150.0,2150.0,2026-08-09
379,109,2026-07-23,8714.29,8714.29,2026-07-23
380,109,2026-08-23,8714.29,8714.29,2026-08-23
381,110,2023-10-06,2456.0,2456.0,2023-10-06
382,110,2023-11-06,2456.0,2456.0,2023-11-06
383,110,2023-12-06,2456.0,2456.0,2023-12-14
384,110,2024-01-06,2456.0,2456.0,2024-01-06
385,110,2024-02-06,2456.0,2456.0,2024-02-06
386,110,2024-03-06,2456.0,2456.0,2024-03-06
387,110,2024-04-06,2456.0,2456.0,2024-04-06
388,110,2024-05-06,2456.0,2456.0,2024-05-06
389,110,2024-06-06,2456.0,2456.0,2024-06-06
390,110,2024-07-06,2456.0,2456.0,2024-07-06
391,110,2024-08-06,2456.0,2456.0,2024-08-06
392,110,2024-09-06,2456.0,2456.0,2024-09-06
393,110,2024-10-06,2456.0,2456.0,2024-10-06
394,110,2024-11-06,2456.0,2456.0,2024-11-06
395,110,2024-12-06,2456.0,2456.0,2024-12-06
396,110,2025-01-06,2456.0,2456.0,2025-01-06
397,110,2025-02-06,2456.0,2456.0,2025-02-06
398,110,2025-03-06,2456.0,2456.0,2025-03-06
399,110,2025-04-06,2456.0,2456.0,2025-04-06
400,110,2025-05-06,2456.0,2456.0,2025-05-06
401,110,2025-06-06,2456.0,2456.0,2025-06-06
402,110,2025-07-06,2456.0,2456.0,2025-07-06
403,110,2025-08-06,2456.0,2456.0,2025-08-06
404,110,2025-09-06,2456.0,2456.0,2025-09-06
405,110,2025-10-06,2456.0,2456.0,2025-10-06
406,113,2022-05-28,1700.0,1700.0,2022-05-28
407,113,2022-06-28,1700.0,1700.0,2022-06-28
408,113,2022-07-28,1700.0,791.91,2022-08-08
409,113,2022-08-28,1700.0,0.0,
410,118,2026-03-07,48600.0,48600.0,2026-03-07
411,118,2026-04-07,48600.0,48600.0,2026-04-07
412,119,2024-10-04,1754.55,1754.55,2024-10-13
413,119,2024-11-04,1754.55,1754.55,2024-11-04
414,119,2024-12-04,1754.55,1754.55,2024-12-04
415,119,2025-01-04,1754.55,1754.55,2025-01-04
416,119,2025-02-04,1754.55,1754.55,2025-02-04
417,119,2025-03-04,1754.55,1754.55,2025-03-04
418,119,2025-04-04,1754.55,1754.55,2025-04-04
419,119,2025-05-04,1754.55,1754.55,2025-05-04
420,119,2025-06-04,1754.55,1754.55,2025-06-04
421,119,2025-07-04,1754.55,1754.55,2025-07-04
422,119,2025-08-04,1754.55,1754.55,2025-08-04
423,126,2024-08-26,3592.31,3592.31,2024-08-26
424,126,2024-09-26,3592.31,3592.31,2024-09-26
425,126,2024-10-26,3592.31,3592.31,2024-10-26
426,126,2024-11-26,3592.31,3592.31,2024-11-26
427,126,2024-12-26,3592.31,3592.31,2024-12-26
428,126,2025-01-26,3592.31,3592.31,2025-01-26
429,126,2025-02-26,3592.31,3592.31,2025-02-26
430,126,2025-03-26,3592.31,3592.31,2025-03-26
431,126,2025-04-26,3592.31,3592.31,2025-04-26
432,126,2025-05-26,3592.31,3592.31,2025-05-26
433,126,2025-06-26,3592.31,3592.31,2025-06-26
434,126,2025-07-26,3592.31,3592.31,2025-07-26
435,126,2025-08-26,3592.31,3592.31,2025-08-26
436,128,2024-06-04,3700.0,3700.0,2024-06-04
437,128,2024-07-04,3700.0,3700.0,2024-07-04
438,128,2024-08-04,3700.0,3700.0,2024-08-04
439,128,2024-09-04,3700.0,3700.0,2024-09-04
440,128,2024-10-04,3700.0,3700.0,2024-10-04
441,130,2022-12-20,4766.67,4766.67,2022-12-20
442,130,2023-01-20,4766.67,4766.67,2023-01-20
443,130,2023-02-20,4766.67,4766.67,2023-02-20
444,130,2023-03-20,4766.67,4766.67,2023-03-28
445,130,2023-04-20,4766.67,4766.67,2023-04-20
446,130,2023-05-20,4766.67,4766.67,2023-05-20
447,130,2023-06-20,4766.67,4766.67,2023-06-20
448,130,2023-07-20,4766.67,4766.67,2023-07-20
449,130,2023-08-20,4766.67,4766.67,2023-08-20
450,130,2023-09-20,4766.67,4766.67,2023-09-20
451,130,2023-10-20,4766.67,4766.67,2023-10-20
452,130,2023-11-20,4766.67,4766.67,2023-11-20
453,130,2023-12-20,4766.67,4766.67,2023-12-20
454,130,2024-01-20,4766.67,4766.67,2024-01-20
455,130,2024-02-20,4766.67,4766.67,2024-02-20
456,130,2024-03-20,4766.67,4766.67,2024-03-20
457,130,2024-04-20,4766.67,4766.67,2024-04-20
458,130,2024-05-20,4766.67,4766.67,2024-05-20
459,130,2024-06-20,4766.67,4766.67,2024-06-20
460,130,2024-07-20,4766.67,4766.67,2024-07-20
461,130,2024-08-20,4766.67,4766.67,2024-08-20
462,130,2024-09-20,4766.67,4766.67,2024-09-20
463,130,2024-10-20,4766.67,4766.67,2024-10-20
464,130,2024-11-20,4766.67,4766.67,2024-11-20
465,130,2024-12-20,4766.67,4766.67,2024-12-20
466,130,2025-01-20,4766.67,4766.67,2025-01-20
467,130,2025-02-20,4766.67,4766.67,2025-02-20
468,130,2025-03-20,4766.67,4766.67,2025-03-20
469,130,2025-04-20,4766.67,4766.67,2025-04-20
470,130,2025-05-20,4766.67,4766.67,2025-05-20
471,130,2025-06-20,4766.67,4766.67,2025-06-20
472,130,2025-07-20,4766.67,4766.67,2025-07-20
473,130,2025-08-20,4766.67,4766.67,2025-08-20
474,130,2025-09-20,4766.67,4766.67,2025-09-23
475,130,2025-10-20,4766.67,4766.67,2025-10-20
476,130,2025-11-20,4766.67,4766.67,2025-11-20
477,130,2025-12-20,4766.67,4766.67,2025-12-20
478,130,2026-01-20,4766.67,4766.67,2026-01-20
479,130,2026-02-20,4766.67,4766.67,2026-02-20
480,130,2026-03-20,4766.67,4766.67,2026-03-20
481,130,2026-04-20,4766.67,4766.67,2026-04-20
482,130,2026-05-20,4766.67,4766.67,2026-05-20
483,130,2026-06-20,4766.67,4766.67,2026-06-20
484,130,2026-07-20,4766.67,4766.67,2026-07-20
485,130,2026-08-20,4766.67,4766.67,2026-08-20
486,132,2025-11-20,88400.0,88400.0,2025-11-20
487,133,2024-12-23,13059.46,13059.46,2024-12-23
488,133,2025-01-23,13059.46,13059.46,2025-01-23
489,133,2025-02-23,13059.46,13059.46,2025-02-23
490,133,2025-03-23,13059.46,13059.46,2025-03-23
491,133,2025-04-23,13059.46,13059.46,2025-04-23
492,133,2025-05-23,13059.46,13059.46,2025-05-23
493,133,2025-06-23,13059.46,13059.46,2025-06-23
494,133,2025-07-23,13059.46,13059.46,2025-07-23
495,133,2025-08-23,13059.46,13059.46,2025-08-23
496,133,2025-09-23,13059.46,13059.46,2025-09-23
497,133,2025-10-23,13059.46,13059.46,2025-10-23
498,133,2025-11-23,13059.46,13059.46,2025-11-23
499,133,2025-12-23,13059.46,13059.46,2025-12-23
500,133,2026-01-23,13059.46,13059.46,2026-01-23
501,133,2026-02-23,13059.46,13059.46,2026-02-23
502,133,2026-03-23,13059.46,13059.46,2026-03-23
503,133,2026-04-23,13059.46,13059.46,2026-04-23
504,133,2026-05-23,13059.46,13059.46,2026-05-23
505,133,2026-06-23,13059.46,13059.46,2026-07-03
506,133,2026-07-23,13059.46,13059.46,2026-07-23
507,133,2026-08-23,13059.46,13059.46,2026-08-23
508,134,2026-07-20,24125.53,24125.53,2026-07-20
509,134,2026-08-20,24125.53,24125.53,2026-08-20
510,135,2022-12-24,2983.33,2983.33,2022-12-24
511,135,2023-01-24,2983.33,2983.33,2023-01-24
512,135,2023-02-24,2983.33,2983.33,2023-02-24
513,135,2023-03-24,2983.33,673.2,2023-04-07
514,135,2023-04-24,2983.33,2029.31,2023-04-29
515,135,2023-05-24,2983.33,0.0,
516,137,2024-03-16,15566.67,15566.67,2024-03-16
517,137,2024-04-16,15566.67,0.0,
518,137,2024-05-16,15566.67,8008.89,2024-05-23
519,139,2022-03-19,32200.0,32200.0,2022-03-19
520,139,2022-04-19,32200.0,32200.0,2022-04-19
521,141,2025-09-15,5350.0,5350.0,2025-09-15
522,141,2025-10-15,5350.0,5350.0,2025-10-15
523,143,2023-11-09,2900.0,2900.0,2023-11-09
524,143,2023-12-09,2900.0,2900.0,2023-12-09
525,143,2024-01-09,2900.0,2900.0,2024-01-09
526,143,2024-02-09,2900.0,2900.0,2024-02-09
527,144,2023-12-26,5533.33,5533.33,2023-12-26
528,144,2024-01-26,5533.33,5533.33,2024-01-26
529,144,2024-02-26,5533.33,5533.33,2024-02-26
530,144,2024-03-26,5533.33,5533.33,2024-03-26
531,144,2024-04-26,5533.33,5533.33,2024-04-26
532,144,2024-05-26,5533.33,5533.33,2024-05-26
533,147,2025-10-01,31000.0,31000.0,2025-10-01
534,148,2025-02-16,28600.0,28600.0,2025-02-16
535,148,2025-03-16,28600.0,28600.0,2025-03-16
536,155,2023-05-28,3942.86,3942.86,2023-05-28
537,155,2023-06-28,3942.86,3942.86,2023-06-28
538,155,2023-07-28,3942.86,3942.86,2023-07-28
539,155,2023-08-28,3942.86,3942.86,2023-08-28
540,155,2023-09-28,3942.86,3942.86,2023-09-28
541,155,2023-10-28,3942.86,3942.86,2023-10-28
542,155,2023-11-28,3942.86,3942.86,2023-11-28
543,157,2026-08-09,3333.33,3333.33,2026-08-09
544,159,2026-04-10,14450.0,14450.0,2026-04-10
545,159,2026-05-10,14450.0,14450.0,2026-05-10
546,161,2023-04-10,3883.33,3883.33,2023-04-10
547,161,2023-05-10,3883.33,3883.33,2023-05-10
548,161,2023-06-10,3883.33,3883.33,2023-06-10
549,161,2023-07-10,3883.33,3883.33,2023-07-10
550,161,2023-08-10,3883.33,3883.33,2023-08-10
551,161,2023-09-10,3883.33,3883.33,2023-09-10
552,162,2022-09-26,2500.0,2500.0,2022-09-26
553,162,2022-10-26,2500.0,2500.0,2022-10-26
554,164,2026-03-14,2000.0,2000.0,2026-03-14
555,164,2026-04-14,2000.0,2000.0,2026-04-14
556,164,2026-05-14,2000.0,2000.0,2026-05-14
557,164,2026-06-14,2000.0,2000.0,2026-06-14
558,164,2026-07-14,2000.0,2000.0,2026-07-14
559,164,2026-08-14,2000.0,2000.0,2026-08-14
560,165,2025-11-19,3061.54,3061.54,2025-11-19
561,165,2025-12-19,3061.54,1150.4,2026-01-02
562,165,2026-01-19,3061.54,1617.42,2026-01-30
563,165,2026-02-19,3061.54,3061.54,2026-02-19
564,165,2026-03-19,3061.54,3061.54,2026-03-19
565,165,2026-04-19,3061.54,3061.54,2026-04-19
566,165,2026-05-19,3061.54,3061.54,2026-05-19
567,165,2026-06-19,3061.54,3061.54,2026-06-19
568,165,2026-07-19,3061.54,3061.54,2026-07-19
569,165,2026-08-19,3061.54,3061.54,2026-08-19
570,167,2023-08-21,3616.67,3616.67,2023-08-21
571,167,2023-09-21,3616.67,3616.67,2023-09-21
572,167,2023-10-21,3616.67,3616.67,2023-10-21
573,167,2023-11-21,3616.67,3616.67,2023-11-21
574,167,2023-12-21,3616.67,3616.67,2023-12-21
575,167,2024-01-21,3616.67,3616.67,2024-01-21
576,169,2025-05-21,18350.0,18350.0,2025-05-21
577,169,2025-06-21,18350.0,18350.0,2025-06-21
578,170,2025-01-28,6300.0,6300.0,2025-01-28
579,170,2025-02-28,6300.0,6300.0,2025-02-28
580,174,2023-11-28,4043.48,4043.48,2023-11-28
581,174,2023-12-28,4043.48,4043.48,2023-12-28
582,174,2024-01-28,4043.48,4043.48,2024-01-28
583,174,2024-02-28,4043.48,4043.48,2024-03-03
584,174,2024-03-28,4043.48,4043.48,2024-03-28
585,174,2024-04-28,4043.48,1569.14,2024-05-08
586,174,2024-05-28,4043.48,2237.54,2024-06-20
587,174,2024-06-28,4043.48,0.0,
588,174,2024-07-28,4043.48,2208.46,2024-08-08
589,174,2024-08-28,4043.48,4043.48,2024-09-02
590,174,2024-09-28,4043.48,4043.48,2024-09-28
591,174,2024-10-28,4043.48,4043.48,2024-10-28
592,174,2024-11-28,4043.48,4043.48,2024-11-28
593,174,2024-12-28,4043.48,4043.48,2024-12-28
594,174,2025-01-28,4043.48,4043.48,2025-01-28
595,174,2025-02-28,4043.48,4043.48,2025-02-28
596,174,2025-03-28,4043.48,4043.48,2025-03-28
597,174,2025-04-28,4043.48,4043.48,2025-04-28
598,174,2025-05-28,4043.48,4043.48,2025-05-28
599,174,2025-06-28,4043.48,4043.48,2025-06-28
600,174,2025-07-28,4043.48,4043.48,2025-07-28
601,174,2025-08-28,4043.48,4043.48,2025-08-28
602,174,2025-09-28,4043.48,4043.48,2025-09-28
603,176,2023-11-28,1400.0,1400.0,2023-11-28
604,176,2023-12-28,1400.0,1400.0,2023-12-28
605,176,2024-01-28,1400.0,1400.0,2024-01-28
606,176,2024-02-28,1400.0,1400.0,2024-02-28
607,176,2024-03-28,1400.0,1400.0,2024-03-28
608,176,2024-04-28,1400.0,1400.0,2024-04-28
609,177,2025-05-13,5100.0,5100.0,2025-05-13
610,177,2025-06-13,5100.0,5100.0,2025-06-13
611,185,2023-12-13,928.57,928.57,2023-12-13
612,185,2024-01-13,928.57,928.57,2024-01-13
613,185,2024-02-13,928.57,928.57,2024-02-13
614,185,2024-03-13,928.57,928.57,2024-03-13
615,185,2024-04-13,928.57,928.57,2024-04-13
616,185,2024-05-13,928.57,928.57,2024-05-13
617,185,2024-06-13,928.57,928.57,2024-06-13
618,190,2022-12-20,9650.0,9650.0,2022-12-20
619,190,2023-01-20,9650.0,9650.0,2023-01-29
620,192,2022-04-13,1657.14,1657.14,2022-04-13
621,192,2022-05-13,1657.14,1657.14,2022-05-13
622,192,2022-06-13,1657.14,1657.14,2022-06-13
623,192,2022-07-13,1657.14,1657.14,2022-07-13
624,192,2022-08-13,1657.14,1657.14,2022-08-13
625,192,2022-09-13,1657.14,1657.14,2022-09-13
626,192,2022-10-13,1657.14,1657.14,2022-10-13
627,195,2024-05-28,8500.0,8500.0,2024-05-28
628,195,2024-06-28,8500.0,8500.0,2024-06-28
629,201,2023-04-28,3709.09,3709.09,2023-04-28
630,201,2023-05-28,3709.09,3709.09,2023-05-28
631,201,2023-06-28,3709.09,3709.09,2023-06-28
632,201,2023-07-28,3709.09,3709.09,2023-07-28
633,201,2023-08-28,3709.09,3709.09,2023-08-28
634,201,2023-09-28,3709.09,3709.09,2023-09-28
635,201,2023-10-28,3709.09,3709.09,2023-10-28
636,201,2023-11-28,3709.09,3709.09,2023-11-28
637,201,2023-12-28,3709.09,3709.09,2023-12-28
638,201,2024-01-28,3709.09,3709.09,2024-02-05
639,201,2024-02-28,3709.09,3709.09,2024-02-28
640,203,2026-06-06,38450.0,38450.0,2026-06-06
641,203,2026-07-06,38450.0,38450.0,2026-07-06
642,204,2024-09-18,5500.0,5500.0,2024-09-22
643,204,2024-10-18,5500.0,5500.0,2024-10-18
644,204,2024-11-18,5500.0,5500.0,2024-11-18
645,204,2024-12-18,5500.0,5500.0,2024-12-18
646,204,2025-01-18,5500.0,5500.0,2025-01-18
647,214,2024-06-12,475.0,475.0,2024-06-12
648,214,2024-07-12,475.0,475.0,2024-07-12
649,214,2024-08-12,475.0,475.0,2024-08-12
650,214,2024-09-12,475.0,475.0,2024-09-12
651,214,2024-10-12,475.0,475.0,2024-10-12
652,214,2024-11-12,475.0,475.0,2024-11-12
653,214,2024-12-12,475.0,175.64,2025-01-05
654,214,2025-01-12,475.0,112.89,2025-02-03
655,214,2025-02-12,475.0,0.0,
656,214,2025-03-12,475.0,0.0,
657,214,2025-04-12,475.0,475.0,2025-04-12
658,214,2025-05-12,475.0,475.0,2025-05-12
659,223,2024-11-09,3000.0,3000.0,2024-11-09
660,223,2024-12-09,3000.0,3000.0,2024-12-09
661,226,2026-01-21,5066.67,5066.67,2026-01-21
662,226,2026-02-21,5066.67,0.0,
663,226,2026-03-21,5066.67,3045.7,2026-03-27
664,228,2025-01-22,1245.83,1245.83,2025-01-22
665,228,2025-02-22,1245.83,1245.83,2025-02-22
666,228,2025-03-22,1245.83,1245.83,2025-03-22
667,228,2025-04-22,1245.83,1245.83,2025-04-22
668,228,2025-05-22,1245.83,1245.83,2025-05-22
669,228,2025-06-22,1245.83,1245.83,2025-06-22
670,228,2025-07-22,1245.83,1245.83,2025-07-22
671,228,2025-08-22,1245.83,1245.83,2025-08-22
672,228,2025-09-22,1245.83,1245.83,2025-09-22
673,228,2025-10-22,1245.83,1245.83,2025-10-22
674,228,2025-11-22,1245.83,1245.83,2025-11-22
675,228,2025-12-22,1245.83,1245.83,2025-12-22
676,228,2026-01-22,1245.83,1245.83,2026-01-22
677,228,2026-02-22,1245.83,1245.83,2026-02-22
678,228,2026-03-22,1245.83,1245.83,2026-03-22
679,228,2026-04-22,1245.83,1245.83,2026-04-22
680,228,2026-05-22,1245.83,1245.83,2026-05-22
681,228,2026-06-22,1245.83,1245.83,2026-06-22
682,228,2026-07-22,1245.83,1245.83,2026-07-22
683,228,2026-08-22,1245.83,1245.83,2026-08-22
684,238,2026-02-22,4833.33,4833.33,2026-02-22
685,238,2026-03-22,4833.33,4833.33,2026-03-22
686,238,2026-04-22,4833.33,4833.33,2026-04-22
687,238,2026-05-22,4833.33,4833.33,2026-05-22
688,238,2026-06-22,4833.33,4833.33,2026-06-22
689,238,2026-07-22,4833.33,4833.33,2026-07-22
690,238,2026-08-22,4833.33,4833.33,2026-08-22
691,246,2023-07-13,3358.33,3358.33,2023-07-13
692,246,2023-08-13,3358.33,3358.33,2023-08-13
693,246,2023-09-13,3358.33,3358.33,2023-09-13
694,246,2023-10-13,3358.33,3358.33,2023-10-13
695,246,2023-11-13,3358.33,3358.33,2023-11-13
696,246,2023-12-13,3358.33,3358.33,2023-12-13
697,246,2024-01-13,3358.33,3358.33,2024-01-13
698,246,2024-02-13,3358.33,3358.33,2024-02-13
699,246,2024-03-13,3358.33,3358.33,2024-03-13
700,246,2024-04-13,3358.33,3358.33,2024-04-13
701,246,2024-05-13,3358.33,3358.33,2024-05-13
702,246,2024-06-13,3358.33,3358.33,2024-06-13
703,247,2024-06-13,585.71,585.71,2024-06-13
704,247,2024-07-13,585.71,585.71,2024-07-13
705,247,2024-08-13,585.71,585.71,2024-08-13
706,247,2024-09-13,585.71,585.71,2024-09-13
707,247,2024-10-13,585.71,585.71,2024-10-13
708,247,2024-11-13,585.71,585.71,2024-11-13
709,247,2024-12-13,585.71,585.71,2024-12-13
710,252,2025-08-02,4900.0,4900.0,2025-08-02
711,252,2025-09-02,4900.0,4900.0,2025-09-02
712,252,2025-10-02,4900.0,4900.0,2025-10-02
713,252,2025-11-02,4900.0,4900.0,2025-11-02
714,252,2025-12-02,4900.0,4900.0,2025-12-10
715,252,2026-01-02,4900.0,4900.0,2026-01-02
716,252,2026-02-02,4900.0,4900.0,2026-02-02
717,253,2025-02-12,4061.11,4061.11,2025-02-12
718,253,2025-03-12,4061.11,4061.11,2025-03-12
719,253,2025-04-12,4061.11,4061.11,2025-04-19
720,253,2025-05-12,4061.11,4061.11,2025-05-12
721,253,2025-06-12,4061.11,4061.11,2025-06-12
722,253,2025-07-12,4061.11,4061.11,2025-07-12
723,253,2025-08-12,4061.11,4061.11,2025-08-12
724,253,2025-09-12,4061.11,4061.11,2025-09-12
725,253,2025-10-12,4061.11,4061.11,2025-10-12
726,253,2025-11-12,4061.11,4061.11,2025-11-12
727,253,2025-12-12,4061.11,4061.11,2025-12-12
728,253,2026-01-12,4061.11,4061.11,2026-01-12
729,253,2026-02-12,4061.11,4061.11,2026-02-16
730,253,2026-03-12,4061.11,4061.11,2026-03-12
731,253,2026-04-12,4061.11,4061.11,2026-04-12
732,253,2026-05-12,4061.11,4061.11,2026-05-20
733,253,2026-06-12,4061.11,4061.11,2026-06-12
734,253,2026-07-12,4061.11,4061.11,2026-07-12
735,253,2026-08-12,4061.11,4061.11,2026-08-12
736,254,2023-09-06,9640.0,9640.0,2023-09-06
737,254,2023-10-06,9640.0,9640.0,2023-10-06
738,254,2023-11-06,9640.0,9640.0,2023-11-06
739,254,2023-12-06,9640.0,9640.0,2023-12-06
740,254,2024-01-06,9640.0,9640.0,2024-01-06
741,258,2022-04-08,807.69,807.69,2022-04-08
742,258,2022-05-08,807.69,807.69,2022-05-08
743,258,2022-06-08,807.69,807.69,2022-06-08
744,258,2022-07-08,807.69,807.69,2022-07-08
745,258,2022-08-08,807.69,807.69,2022-08-08
746,258,2022-09-08,807.69,807.69,2022-09-08
747,258,2022-10-08,807.69,807.69,2022-10-08
748,258,2022-11-08,807.69,807.69,2022-11-08
749,258,2022-12-08,807.69,807.69,2022-12-08
750,258,2023-01-08,807.69,807.69,2023-01-08
751,258,2023-02-08,807.69,807.69,2023-02-13
752,258,2023-03-08,807.69,807.69,2023-03-08
753,258,2023-04-08,807.69,807.69,2023-04-08
754,262,2025-03-28,17433.33,17433.33,2025-03-28
755,262,2025-04-28,17433.33,0.0,
756,262,2025-05-28,17433.33,0.0,
757,264,2022-10-05,10317.02,10317.02,2022-10-05
758,264,2022-11-05,10317.02,10317.02,2022-11-05
759,264,2022-12-05,10317.02,10317.02,2022-12-05
760,264,2023-01-05,10317.02,10317.02,2023-01-05
761,264,2023-02-05,10317.02,10317.02,2023-02-05
762,264,2023-03-05,10317.02,10317.02,2023-03-05
763,264,2023-04-05,10317.02,10317.02,2023-04-05
764,264,2023-05-05,10317.02,10317.02,2023-05-05
765,264,2023-06-05,10317.02,10317.02,2023-06-05
766,264,2023-07-05,10317.02,10317.02,2023-07-05
767,264,2023-08-05,10317.02,10317.02,2023-08-05
768,264,2023-09-05,10317.02,10317.02,2023-09-05
769,264,2023-10-05,10317.02,10317.02,2023-10-05
770,264,2023-11-05,10317.02,10317.02,2023-11-05
771,264,2023-12-05,10317.02,10317.02,2023-12-05
772,264,2024-01-05,10317.02,10317.02,2024-01-05
773,264,2024-02-05,10317.02,10317.02,2024-02-05
774,264,2024-03-05,10317.02,10317.02,2024-03-05
775,264,2024-04-05,10317.02,10317.02,2024-04-05
776,264,2024-05-05,10317.02,10317.02,2024-05-05
777,264,2024-06-05,10317.02,10317.02,2024-06-05
778,264,2024-07-05,10317.02,10317.02,2024-07-05
779,264,2024-08-05,10317.02,10317.02,2024-08-05
780,264,2024-09-05,10317.02,10317.02,2024-09-05
781,264,2024-10-05,10317.02,10317.02,2024-10-05
782,264,2024-11-05,10317.02,10317.02,2024-11-05
783,264,2024-12-05,10317.02,10317.02,2024-12-05
784,264,2025-01-05,10317.02,10317.02,2025-01-05
785,264,2025-02-05,10317.02,10317.02,2025-02-05
786,264,2025-03-05,10317.02,10317.02,2025-03-05
787,264,2025-04-05,10317.02,10317.02,2025-04-15
788,264,2025-05-05,10317.02,10317.02,2025-05-05
789,264,2025-06-05,10317.02,10317.02,2025-06-05
790,264,2025-07-05,10317.02,10317.02,2025-07-05
791,264,2025-08-05,10317.02,10317.02,2025-08-05
792,264,2025-09-05,10317.02,10317.02,2025-09-05
793,264,2025-10-05,10317.02,10317.02,2025-10-05
794,264,2025-11-05,10317.02,10317.02,2025-11-05
795,264,2025-12-05,10317.02,10317.02,2025-12-05
796,264,2026-01-05,10317.02,10317.02,2026-01-05
797,264,2026-02-05,10317.02,10317.02,2026-02-05
798,264,2026-03-05,10317.02,10317.02,2026-03-05
799,264,2026-04-05,10317.02,10317.02,2026-04-05
800,264,2026-05-05,10317.02,10317.02,2026-05-05
801,264,2026-06-05,10317.02,10317.02,2026-06-05
802,264,2026-07-05,10317.02,10317.02,2026-07-05
803,264,2026-08-05,10317.02,10317.02,2026-08-05
804,267,2025-02-08,5420.0,5420.0,2025-02-08
805,267,2025-03-08,5420.0,5420.0,2025-03-08
806,267,2025-04-08,5420.0,5420.0,2025-04-08
807,267,2025-05-08,5420.0,5420.0,2025-05-08
808,267,2025-06-08,5420.0,5420.0,2025-06-08
809,270,2024-06-24,22966.67,22966.67,2024-06-24
810,270,2024-07-24,22966.67,22966.67,2024-07-24
811,270,2024-08-24,22966.67,22966.67,2024-08-24
812,273,2022-03-27,2450.0,2450.0,2022-03-27
813,273,2022-04-27,2450.0,2450.0,2022-04-27
814,273,2022-05-27,2450.0,2450.0,2022-05-27
815,273,2022-06-27,2450.0,2450.0,2022-06-27
816,273,2022-07-27,2450.0,2450.0,2022-07-27
817,273,2022-08-27,2450.0,2450.0,2022-08-27
818,275,2024-03-28,4260.0,4260.0,2024-03-28
819,275,2024-04-28,4260.0,4260.0,2024-04-28
820,275,2024-05-28,4260.0,874.59,2024-06-14
821,275,2024-06-28,4260.0,0.0,
822,275,2024-07-28,4260.0,1819.18,2024-08-12
823,276,2025-06-03,3800.0,3800.0,2025-06-03
824,276,2025-07-03,3800.0,3800.0,2025-07-03
825,276,2025-08-03,3800.0,3800.0,2025-08-03
826,277,2025-07-25,958.33,958.33,2025-07-25
827,277,2025-08-25,958.33,958.33,2025-08-25
828,277,2025-09-25,958.33,958.33,2025-09-25
829,277,2025-10-25,958.33,0.0,
830,277,2025-11-25,958.33,0.0,
831,277,2025-12-25,958.33,0.0,
832,277,2026-01-25,958.33,0.0,
833,277,2026-02-25,958.33,958.33,2026-02-25
834,277,2026-03-25,958.33,958.33,2026-03-25
835,277,2026-04-25,958.33,958.33,2026-04-25
836,277,2026-05-25,958.33,958.33,2026-05-25
837,277,2026-06-25,958.33,958.33,2026-06-25
838,279,2026-05-17,700.0,700.0,2026-05-17
839,279,2026-06-17,700.0,700.0,2026-06-17
840,279,2026-07-17,700.0,700.0,2026-07-17
841,279,2026-08-17,700.0,700.0,2026-08-17
842,284,2024-05-01,5730.77,5730.77,2024-05-01
843,284,2024-06-01,5730.77,5730.77,2024-06-01
844,284,2024-07-01,5730.77,5730.77,2024-07-01
845,284,2024-08-01,5730.77,5730.77,2024-08-01
846,284,2024-09-01,5730.77,2218.12,2024-09-23
847,284,2024-10-01,5730.77,0.0,
848,284,2024-11-01,5730.77,5730.77,2024-11-01
849,284,2024-12-01,5730.77,5730.77,2024-12-01
850,284,2025-01-01,5730.77,5730.77,2025-01-01
851,284,2025-02-01,5730.77,5730.77,2025-02-01
852,284,2025-03-01,5730.77,5730.77,2025-03-01
853,284,2025-04-01,5730.77,5730.77,2025-04-01
854,284,2025-05-01,5730.77,5730.77,2025-05-01
855,286,2025-05-28,8533.33,8533.33,2025-05-28
856,286,2025-06-28,8533.33,0.0,
857,286,2025-07-28,8533.33,0.0,
858,296,2022-11-07,4700.0,4700.0,2022-11-07
859,296,2022-12-07,4700.0,4700.0,2022-12-07
860,296,2023-01-07,4700.0,4700.0,2023-01-07
861,298,2023-01-28,1066.67,1066.67,2023-01-28
862,298,2023-02-28,1066.67,1066.67,2023-03-07
863,298,2023-03-28,1066.67,1066.67,2023-03-28
864,298,2023-04-28,1066.67,1066.67,2023-04-28
865,298,2023-05-28,1066.67,1066.67,2023-05-28
866,298,2023-06-28,1066.67,1066.67,2023-07-04
867,300,2024-07-28,3840.0,3840.0,2024-07-28
868,300,2024-08-28,3840.0,3840.0,2024-08-28
869,300,2024-09-28,3840.0,3840.0,2024-09-28
870,300,2024-10-28,3840.0,3840.0,2024-10-28
871,300,2024-11-28,3840.0,3840.0,2024-12-01
872,301,2026-08-15,4148.0,4148.0,2026-08-15
873,303,2023-04-27,3145.45,3145.45,2023-05-03
874,303,2023-05-27,3145.45,3145.45,2023-05-27
875,303,2023-06-27,3145.45,3145.45,2023-06-27
876,303,2023-07-27,3145.45,3145.45,2023-07-27
877,303,2023-08-27,3145.45,3145.45,2023-08-27
878,303,2023-09-27,3145.45,3145.45,2023-09-27
879,303,2023-10-27,3145.45,3145.45,2023-10-27
880,303,2023-11-27,3145.45,3145.45,2023-11-27
881,303,2023-12-27,3145.45,3145.45,2023-12-27
882,303,2024-01-27,3145.45,3145.45,2024-01-27
883,303,2024-02-27,3145.45,3145.45,2024-02-27
884,311,2025-04-03,7850.0,7850.0,2025-04-03
885,311,2025-05-03,7850.0,7850.0,2025-05-03
886,313,2024-11-22,24633.33,24633.33,2024-11-22
887,313,2024-12-22,24633.33,24633.33,2024-12-22
888,313,2025-01-22,24633.33,24633.33,2025-01-22
889,315,2025-04-04,5233.33,5233.33,2025-04-04
890,315,2025-05-04,5233.33,0.0,
891,315,2025-06-04,5233.33,0.0,
892,319,2026-04-13,4866.67,4866.67,2026-04-13
893,319,2026-05-13,4866.67,4866.67,2026-05-13
894,319,2026-06-13,4866.67,4866.67,2026-06-13
895,321,2023-09-24,2000.0,2000.0,2023-09-24
896,321,2023-10-24,2000.0,2000.0,2023-10-24
897,321,2023-11-24,2000.0,2000.0,2023-11-24
898,321,2023-12-24,2000.0,2000.0,2023-12-24
899,321,2024-01-24,2000.0,2000.0,2024-01-24
900,321,2024-02-24,2000.0,2000.0,2024-02-24
901,321,2024-03-24,2000.0,2000.0,2024-03-27
902,321,2024-04-24,2000.0,2000.0,2024-04-24
903,321,2024-05-24,2000.0,2000.0,2024-05-24
904,321,2024-06-24,2000.0,2000.0,2024-07-01
905,321,2024-07-24,2000.0,2000.0,2024-07-24
906,322,2025-06-22,2700.0,2700.0,2025-06-22
907,322,2025-07-22,2700.0,2700.0,2025-07-22
908,322,2025-08-22,2700.0,2700.0,2025-08-22
909,325,2023-03-04,1200.0,1200.0,2023-03-04
910,325,2023-04-04,1200.0,1200.0,2023-04-04
911,325,2023-05-04,1200.0,1200.0,2023-05-04
912,325,2023-06-04,1200.0,1200.0,2023-06-04
913,325,2023-07-04,1200.0,1200.0,2023-07-04
914,325,2023-08-04,1200.0,1200.0,2023-08-04
915,325,2023-09-04,1200.0,1200.0,2023-09-04
916,325,2023-10-04,1200.0,1200.0,2023-10-04
917,325,2023-11-04,1200.0,1200.0,2023-11-04
918,325,2023-12-04,1200.0,1200.0,2023-12-04
919,325,2024-01-04,1200.0,1200.0,2024-01-04
920,325,2024-02-04,1200.0,1200.0,2024-02-04
921,325,2024-03-04,1200.0,1200.0,2024-03-04
922,325,2024-04-04,1200.0,1200.0,2024-04-04
923,325,2024-05-04,1200.0,1200.0,2024-05-04
924,325,2024-06-04,1200.0,1200.0,2024-06-04
925,325,2024-07-04,1200.0,1200.0,2024-07-04
926,325,2024-08-04,1200.0,1200.0,2024-08-04
927,325,2024-09-04,1200.0,1200.0,2024-09-04
928,325,2024-10-04,1200.0,1200.0,2024-10-04
929,325,2024-11-04,1200.0,1200.0,2024-11-04
930,325,2024-12-04,1200.0,1200.0,2024-12-04
931,325,2025-01-04,1200.0,1200.0,2025-01-04
932,325,2025-02-04,1200.0,1200.0,2025-02-04
933,325,2025-03-04,1200.0,1200.0,2025-03-04
934,326,2024-07-06,7304.08,7304.08,2024-07-06
935,326,2024-08-06,7304.08,7304.08,2024-08-06
936,326,2024-09-06,7304.08,7304.08,2024-09-06
937,326,2024-10-06,7304.08,7304.08,2024-10-06
938,326,2024-11-06,7304.08,7304.08,2024-11-06
939,326,2024-12-06,7304.08,7304.08,2024-12-06
940,326,2025-01-06,7304.08,7304.08,2025-01-06
941,326,2025-02-06,7304.08,7304.08,2025-02-06
942,326,2025-03-06,7304.08,7304.08,2025-03-06
943,326,2025-04-06,7304.08,7304.08,2025-04-06
944,326,2025-05-06,7304.08,7304.08,2025-05-06
945,326,2025-06-06,7304.08,7304.08,2025-06-06
946,326,2025-07-06,7304.08,7304.08,2025-07-06
947,326,2025-08-06,7304.08,7304.08,2025-08-06
948,326,2025-09-06,7304.08,7304.08,2025-09-06
949,326,2025-10-06,7304.08,7304.08,2025-10-06
950,326,2025-11-06,7304.08,7304.08,2025-11-06
951,326,2025-12-06,7304.08,7304.08,2025-12-06
952,326,2026-01-06,7304.08,7304.08,2026-01-06
953,326,2026-02-06,7304.08,7304.08,2026-02-06
954,326,2026-03-06,7304.08,7304.08,2026-03-06
955,326,2026-04-06,7304.08,7304.08,2026-04-06
956,326,2026-05-06,7304.08,7304.08,2026-05-06
957,326,2026-06-06,7304.08,7304.08,2026-06-06
958,326,2026-07-06,7304.08,7304.08,2026-07-06
959,326,2026-08-06,7304.08,7304.08,2026-08-06
960,327,2024-06-17,6616.67,6616.67,2024-06-17
961,327,2024-07-17,6616.67,6616.67,2024-07-17
962,327,2024-08-17,6616.67,6616.67,2024-08-17
963,327,2024-09-17,6616.67,6616.67,2024-09-17
964,327,2024-10-17,6616.67,6616.67,2024-10-27
965,327,2024-11-17,6616.67,6616.67,2024-11-17
966,330,2024-07-15,8940.0,8940.0,2024-07-15
967,330,2024-08-15,8940.0,8940.0,2024-08-15
968,330,2024-09-15,8940.0,0.0,
969,330,2024-10-15,8940.0,4731.58,2024-11-03
970,330,2024-11-15,8940.0,3018.22,2024-12-10
971,331,2025-04-18,1733.33,1733.33,2025-04-18
972,331,2025-05-18,1733.33,1733.33,2025-05-18
973,331,2025-06-18,1733.33,1733.33,2025-06-18
974,331,2025-07-18,1733.33,1733.33,2025-07-18
975,331,2025-08-18,1733.33,1733.33,2025-08-18
976,331,2025-09-18,1733.33,1733.33,2025-09-18
977,335,2026-04-23,1445.45,1445.45,2026-04-23
978,335,2026-05-23,1445.45,1445.45,2026-05-23
979,335,2026-06-23,1445.45,1445.45,2026-06-23
980,335,2026-07-23,1445.45,1445.45,2026-07-23
981,335,2026-08-23,1445.45,1445.45,2026-08-23
982,337,2023-07-18,9511.11,9511.11,2023-07-18
983,337,2023-08-18,9511.11,9511.11,2023-08-18
984,337,2023-09-18,9511.11,9511.11,2023-09-18
985,337,2023-10-18,9511.11,9511.11,2023-10-18
986,337,2023-11-18,9511.11,9511.11,2023-11-18
987,337,2023-12-18,9511.11,9511.11,2023-12-18
988,337,2024-01-18,9511.11,9511.11,2024-01-18
989,337,2024-02-18,9511.11,9511.11,2024-02-18
990,337,2024-03-18,9511.11,9511.11,2024-03-18
991,337,2024-04-18,9511.11,9511.11,2024-04-18
992,337,2024-05-18,9511.11,9511.11,2024-05-18
993,337,2024-06-18,9511.11,9511.11,2024-06-18
994,337,2024-07-18,9511.11,9511.11,2024-07-18
995,337,2024-08-18,9511.11,9511.11,2024-08-18
996,337,2024-09-18,9511.11,9511.11,2024-09-18
997,337,2024-10-18,9511.11,9511.11,2024-10-18
998,337,2024-11-18,9511.11,9511.11,2024-11-18
999,337,2024-12-18,9511.11,9511.11,2024-12-18
1000,337,2025-01-18,9511.11,9511.11,2025-01-18
1001,337,2025-02-18,9511.11,9511.11,2025-02-18
1002,337,2025-03-18,9511.11,9511.11,2025-03-18
1003,337,2025-04-18,9511.11,9511.11,2025-04-18
1004,337,2025-05-18,9511.11,9511.11,2025-05-18
1005,337,2025-06-18,9511.11,9511.11,2025-06-18
1006,337,2025-07-18,9511.11,9511.11,2025-07-18
1007,337,2025-08-18,9511.11,9511.11,2025-08-18
1008,337,2025-09-18,9511.11,9511.11,2025-09-18
1009,337,2025-10-18,9511.11,9511.11,2025-10-18
1010,337,2025-11-18,9511.11,9511.11,2025-11-18
1011,337,2025-12-18,9511.11,9511.11,2025-12-18
1012,337,2026-01-18,9511.11,9511.11,2026-01-18
1013,337,2026-02-18,9511.11,9511.11,2026-02-18
1014,337,2026-03-18,9511.11,9511.11,2026-03-18
1015,337,2026-04-18,9511.11,9511.11,2026-04-18
1016,337,2026-05-18,9511.11,9511.11,2026-05-18
1017,337,2026-06-18,9511.11,9511.11,2026-06-18
1018,343,2024-12-18,7983.33,7983.33,2024-12-18
1019,343,2025-01-18,7983.33,7983.33,2025-01-18
1020,343,2025-02-18,7983.33,7983.33,2025-02-18
1021,343,2025-03-18,7983.33,7983.33,2025-03-18
1022,343,2025-04-18,7983.33,7983.33,2025-04-18
1023,343,2025-05-18,7983.33,7983.33,2025-05-18
1024,346,2025-06-10,2936.11,2936.11,2025-06-10
1025,346,2025-07-10,2936.11,2936.11,2025-07-10
1026,346,2025-08-10,2936.11,2936.11,2025-08-10
1027,346,2025-09-10,2936.11,2936.11,2025-09-10
1028,346,2025-10-10,2936.11,2936.11,2025-10-10
1029,346,2025-11-10,2936.11,2936.11,2025-11-10
1030,346,2025-12-10,2936.11,2936.11,2025-12-10
1031,346,2026-01-10,2936.11,2936.11,2026-01-10
1032,346,2026-02-10,2936.11,2936.11,2026-02-10
1033,346,2026-03-10,2936.11,2936.11,2026-03-10
1034,346,2026-04-10,2936.11,2936.11,2026-04-16
1035,346,2026-05-10,2936.11,0.0,
1036,346,2026-06-10,2936.11,822.57,2026-06-21
1037,346,2026-07-10,2936.11,2030.22,2026-07-18
1038,346,2026-08-10,2936.11,0.0,
1039,347,2022-09-09,17000.0,17000.0,2022-09-15
1040,350,2025-11-12,3333.33,3333.33,2025-11-12
1041,350,2025-12-12,3333.33,3333.33,2025-12-12
1042,350,2026-01-12,3333.33,3333.33,2026-01-12
1043,351,2022-11-02,5700.0,5700.0,2022-11-02
1044,351,2022-12-02,5700.0,5700.0,2022-12-02
1045,351,2023-01-02,5700.0,1657.99,2023-01-07
1046,351,2023-02-02,5700.0,1427.17,2023-02-12
1047,351,2023-03-02,5700.0,0.0,
1048,352,2026-05-12,3225.0,3225.0,2026-05-12
1049,352,2026-06-12,3225.0,3225.0,2026-06-12
1050,352,2026-07-12,3225.0,3225.0,2026-07-12
1051,352,2026-08-12,3225.0,3225.0,2026-08-12
1052,353,2025-05-16,27566.67,27566.67,2025-05-16
1053,353,2025-06-16,27566.67,27566.67,2025-06-16
1054,353,2025-07-16,27566.67,27566.67,2025-07-16
1055,354,2026-07-27,3750.0,3750.0,2026-07-27
1056,354,2026-08-27,3750.0,3750.0,2026-08-27
1057,363,2022-11-09,3875.0,3875.0,2022-11-09
1058,363,2022-12-09,3875.0,3875.0,2022-12-09
1059,363,2023-01-09,3875.0,0.0,
1060,363,2023-02-09,3875.0,0.0,
1061,365,2025-12-02,4841.67,4841.67,2025-12-02
1062,365,2026-01-02,4841.67,4841.67,2026-01-02
1063,365,2026-02-02,4841.67,4841.67,2026-02-02
1064,365,2026-03-02,4841.67,4841.67,2026-03-02
1065,365,2026-04-02,4841.67,4841.67,2026-04-02
1066,365,2026-05-02,4841.67,4841.67,2026-05-02
1067,365,2026-06-02,4841.67,4841.67,2026-06-02
1068,365,2026-07-02,4841.67,4841.67,2026-07-02
1069,365,2026-08-02,4841.67,4841.67,2026-08-02
1070,368,2022-12-01,1657.14,1657.14,2022-12-01
1071,368,2023-01-01,1657.14,1657.14,2023-01-01
1072,368,2023-02-01,1657.14,1657.14,2023-02-01
1073,368,2023-03-01,1657.14,1657.14,2023-03-01
1074,368,2023-04-01,1657.14,1657.14,2023-04-01
1075,368,2023-05-01,1657.14,1657.14,2023-05-01
1076,368,2023-06-01,1657.14,1657.14,2023-06-01
1077,369,2023-02-08,3478.33,3478.33,2023-02-08
1078,369,2023-03-08,3478.33,3478.33,2023-03-08
1079,369,2023-04-08,3478.33,3478.33,2023-04-08
1080,369,2023-05-08,3478.33,3478.33,2023-05-08
1081,369,2023-06-08,3478.33,3478.33,2023-06-08
1082,369,2023-07-08,3478.33,3478.33,2023-07-08
1083,369,2023-08-08,3478.33,3478.33,2023-08-08
1084,369,2023-09-08,3478.33,3478.33,2023-09-08
1085,369,2023-10-08,3478.33,3478.33,2023-10-08
1086,369,2023-11-08,3478.33,3478.33,2023-11-08
1087,369,2023-12-08,3478.33,3478.33,2023-12-08
1088,369,2024-01-08,3478.33,3478.33,2024-01-08
1089,369,2024-02-08,3478.33,3478.33,2024-02-08
1090,369,2024-03-08,3478.33,3478.33,2024-03-08
1091,369,2024-04-08,3478.33,3478.33,2024-04-08
1092,369,2024-05-08,3478.33,3478.33,2024-05-08
1093,369,2024-06-08,3478.33,3478.33,2024-06-08
1094,369,2024-07-08,3478.33,3478.33,2024-07-08
1095,369,2024-08-08,3478.33,3478.33,2024-08-08
1096,369,2024-09-08,3478.33,3478.33,2024-09-08
1097,369,2024-10-08,3478.33,3478.33,2024-10-08
1098,369,2024-11-08,3478.33,3478.33,2024-11-08
1099,369,2024-12-08,3478.33,3478.33,2024-12-08
1100,369,2025-01-08,3478.33,3478.33,2025-01-08
1101,369,2025-02-08,3478.33,3478.33,2025-02-08
1102,369,2025-03-08,3478.33,3478.33,2025-03-08
1103,369,2025-04-08,3478.33,3478.33,2025-04-08
1104,369,2025-05-08,3478.33,3478.33,2025-05-08
1105,369,2025-06-08,3478.33,3478.33,2025-06-08
1106,369,2025-07-08,3478.33,3478.33,2025-07-08
1107,369,2025-08-08,3478.33,3478.33,2025-08-08
1108,369,2025-09-08,3478.33,3478.33,2025-09-08
1109,369,2025-10-08,3478.33,3478.33,2025-10-08
1110,369,2025-11-08,3478.33,3478.33,2025-11-08
1111,369,2025-12-08,3478.33,3478.33,2025-12-08
1112,369,2026-01-08,3478.33,3478.33,2026-01-08
1113,369,2026-02-08,3478.33,3478.33,2026-02-08
1114,369,2026-03-08,3478.33,3478.33,2026-03-08
1115,369,2026-04-08,3478.33,3478.33,2026-04-08
1116,369,2026-05-08,3478.33,3478.33,2026-05-08
1117,369,2026-06-08,3478.33,3478.33,2026-06-08
1118,369,2026-07-08,3478.33,3478.33,2026-07-08
1119,369,2026-08-08,3478.33,3478.33,2026-08-08
1120,372,2025-01-19,2350.0,2350.0,2025-01-19
1121,372,2025-02-19,2350.0,2350.0,2025-02-19
1122,372,2025-03-19,2350.0,2350.0,2025-03-19
1123,372,2025-04-19,2350.0,2350.0,2025-04-19
1124,372,2025-05-19,2350.0,2350.0,2025-05-24
1125,372,2025-06-19,2350.0,2350.0,2025-06-19
1126,374,2024-04-28,750.0,750.0,2024-04-28
1127,374,2024-05-28,750.0,750.0,2024-05-28
1128,374,2024-06-28,750.0,750.0,2024-06-28
1129,374,2024-07-28,750.0,750.0,2024-07-28
1130,377,2022-12-04,6300.0,6300.0,2022-12-04
1131,377,2023-01-04,6300.0,6300.0,2023-01-04
1132,379,2023-08-28,5250.0,5250.0,2023-09-06
1133,379,2023-09-28,5250.0,5250.0,2023-09-28
1134,379,2023-10-28,5250.0,5250.0,2023-10-28
1135,379,2023-11-28,5250.0,5250.0,2023-11-28
1136,380,2024-11-15,4940.0,4940.0,2024-11-15
1137,380,2024-12-15,4940.0,4940.0,2024-12-15
1138,380,2025-01-15,4940.0,4940.0,2025-01-15
1139,380,2025-02-15,4940.0,4940.0,2025-02-15
1140,380,2025-03-15,4940.0,4940.0,2025-03-15
1141,381,2024-06-17,736.36,736.36,2024-06-17
1142,381,2024-07-17,736.36,736.36,2024-07-17
1143,381,2024-08-17,736.36,736.36,2024-08-17
1144,381,2024-09-17,736.36,736.36,2024-09-17
1145,381,2024-10-17,736.36,736.36,2024-10-17
1146,381,2024-11-17,736.36,736.36,2024-11-17
1147,381,2024-12-17,736.36,736.36,2024-12-17
1148,381,2025-01-17,736.36,736.36,2025-01-17
1149,381,2025-02-17,736.36,736.36,2025-02-17
1150,381,2025-03-17,736.36,736.36,2025-03-17
1151,381,2025-04-17,736.36,736.36,2025-04-17
1152,384,2024-10-22,6203.39,6203.39,2024-10-27
1153,384,2024-11-22,6203.39,6203.39,2024-11-22
1154,384,2024-12-22,6203.39,6203.39,2024-12-22
1155,384,2025-01-22,6203.39,6203.39,2025-01-22
1156,384,2025-02-22,6203.39,6203.39,2025-02-22
1157,384,2025-03-22,6203.39,6203.39,2025-03-22
1158,384,2025-04-22,6203.39,6203.39,2025-04-22
1159,384,2025-05-22,6203.39,6203.39,2025-05-22
1160,384,2025-06-22,6203.39,6203.39,2025-06-22
1161,384,2025-07-22,6203.39,6203.39,2025-07-22
1162,384,2025-08-22,6203.39,6203.39,2025-08-22
1163,384,2025-09-22,6203.39,6203.39,2025-09-22
1164,384,2025-10-22,6203.39,6203.39,2025-10-22
1165,384,2025-11-22,6203.39,6203.39,2025-12-01
1166,384,2025-12-22,6203.39,6203.39,2025-12-22
1167,384,2026-01-22,6203.39,6203.39,2026-01-22
1168,384,2026-02-22,6203.39,6203.39,2026-02-22
1169,384,2026-03-22,6203.39,6203.39,2026-03-22
1170,384,2026-04-22,6203.39,6203.39,2026-04-22
1171,384,2026-05-22,6203.39,6203.39,2026-05-22
1172,384,2026-06-22,6203.39,6203.39,2026-06-22
1173,384,2026-07-22,6203.39,6203.39,2026-07-22
1174,384,2026-08-22,6203.39,6203.39,2026-08-22
1175,388,2025-04-27,3671.19,3671.19,2025-04-27
1176,388,2025-05-27,3671.19,3671.19,2025-05-27
1177,388,2025-06-27,3671.19,3671.19,2025-06-27
1178,388,2025-07-27,3671.19,3671.19,2025-07-27
1179,388,2025-08-27,3671.19,3671.19,2025-08-27
1180,388,2025-09-27,3671.19,3671.19,2025-09-27
1181,388,2025-10-27,3671.19,3671.19,2025-10-27
1182,388,2025-11-27,3671.19,3671.19,2025-11-27
1183,388,2025-12-27,3671.19,3671.19,2025-12-27
1184,388,2026-01-27,3671.19,3671.19,2026-01-27
1185,388,2026-02-27,3671.19,3671.19,2026-02-27
1186,388,2026-03-27,3671.19,3671.19,2026-03-27
1187,388,2026-04-27,3671.19,3671.19,2026-04-27
1188,388,2026-05-27,3671.19,3671.19,2026-05-27
1189,388,2026-06-27,3671.19,3671.19,2026-06-27
1190,388,2026-07-27,3671.19,3671.19,2026-07-27
1191,388,2026-08-27,3671.19,3671.19,2026-08-27
1192,391,2024-08-20,1700.0,1700.0,2024-08-20
1193,391,2024-09-20,1700.0,1700.0,2024-09-20
1194,391,2024-10-20,1700.0,1700.0,2024-10-20
1195,391,2024-11-20,1700.0,1700.0,2024-11-20
1196,391,2024-12-20,1700.0,1700.0,2024-12-20
1197,391,2025-01-20,1700.0,1700.0,2025-01-20
1198,391,2025-02-20,1700.0,1700.0,2025-02-20
1199,391,2025-03-20,1700.0,1700.0,2025-03-28
1200,391,2025-04-20,1700.0,1700.0,2025-04-20
1201,391,2025-05-20,1700.0,1700.0,2025-05-20
1202,391,2025-06-20,1700.0,1700.0,2025-06-20
1203,391,2025-07-20,1700.0,1700.0,2025-07-20
1204,391,2025-08-20,1700.0,1700.0,2025-08-20
1205,392,2022-02-09,650.0,650.0,2022-02-09
1206,392,2022-03-09,650.0,650.0,2022-03-09
1207,392,2022-04-09,650.0,650.0,2022-04-09
1208,392,2022-05-09,650.0,650.0,2022-05-09
1209,392,2022-06-09,650.0,650.0,2022-06-09
1210,392,2022-07-09,650.0,650.0,2022-07-09
1211,394,2023-10-10,14226.53,14226.53,2023-10-10
1212,394,2023-11-10,14226.53,14226.53,2023-11-10
1213,394,2023-12-10,14226.53,14226.53,2023-12-10
1214,394,2024-01-10,14226.53,14226.53,2024-01-10
1215,394,2024-02-10,14226.53,14226.53,2024-02-10
1216,394,2024-03-10,14226.53,14226.53,2024-03-10
1217,394,2024-04-10,14226.53,14226.53,2024-04-10
1218,394,2024-05-10,14226.53,14226.53,2024-05-10
1219,394,2024-06-10,14226.53,14226.53,2024-06-10
1220,394,2024-07-10,14226.53,14226.53,2024-07-10
1221,394,2024-08-10,14226.53,14226.53,2024-08-10
1222,394,2024-09-10,14226.53,14226.53,2024-09-10
1223,394,2024-10-10,14226.53,14226.53,2024-10-10
1224,394,2024-11-10,14226.53,14226.53,2024-11-10
1225,394,2024-12-10,14226.53,14226.53,2024-12-10
1226,394,2025-01-10,14226.53,14226.53,2025-01-10
1227,394,2025-02-10,14226.53,14226.53,2025-02-10
1228,394,2025-03-10,14226.53,14226.53,2025-03-10
1229,394,2025-04-10,14226.53,14226.53,2025-04-10
1230,394,2025-05-10,14226.53,14226.53,2025-05-10
1231,394,2025-06-10,14226.53,14226.53,2025-06-10
1232,394,2025-07-10,14226.53,14226.53,2025-07-10
1233,394,2025-08-10,14226.53,14226.53,2025-08-10
1234,394,2025-09-10,14226.53,14226.53,2025-09-10
1235,394,2025-10-10,14226.53,14226.53,2025-10-10
1236,394,2025-11-10,14226.53,14226.53,2025-11-10
1237,394,2025-12-10,14226.53,14226.53,2025-12-10
1238,394,2026-01-10,14226.53,14226.53,2026-01-14
1239,394,2026-02-10,14226.53,14226.53,2026-02-10
1240,394,2026-03-10,14226.53,14226.53,2026-03-10
1241,394,2026-04-10,14226.53,0.0,
1242,394,2026-05-10,14226.53,0.0,
1243,394,2026-06-10,14226.53,3679.03,2026-06-25
1244,394,2026-07-10,14226.53,0.0,
1245,394,2026-08-10,14226.53,0.0,
1246,395,2024-02-18,4127.27,4127.27,2024-02-18
1247,395,2024-03-18,4127.27,4127.27,2024-03-18
1248,395,2024-04-18,4127.27,0.0,
1249,395,2024-05-18,4127.27,0.0,
1250,395,2024-06-18,4127.27,1341.55,2024-06-29
1251,395,2024-07-18,4127.27,1405.51,2024-08-04
1252,395,2024-08-18,4127.27,1719.98,2024-09-06
1253,395,2024-09-18,4127.27,1711.4,2024-10-11
1254,395,2024-10-18,4127.27,1347.69,2024-11-05
1255,395,2024-11-18,4127.27,1711.55,2024-11-28
1256,395,2024-12-18,4127.27,0.0,
1257,397,2025-11-23,9200.0,9200.0,2025-11-23
1258,397,2025-12-23,9200.0,9200.0,2025-12-23
1259,398,2026-05-21,21629.17,21629.17,2026-05-21
1260,398,2026-06-21,21629.17,21629.17,2026-06-21
1261,398,2026-07-21,21629.17,0.0,
1262,398,2026-08-21,21629.17,9661.06,2026-09-15
1263,400,2022-07-28,3418.18,3418.18,2022-07-28
1264,400,2022-08-28,3418.18,3418.18,2022-08-31
1265,400,2022-09-28,3418.18,3418.18,2022-09-28
1266,400,2022-10-28,3418.18,3418.18,2022-10-28
1267,400,2022-11-28,3418.18,3418.18,2022-11-28
1268,400,2022-12-28,3418.18,3418.18,2022-12-28
1269,400,2023-01-28,3418.18,3418.18,2023-01-28
1270,400,2023-02-28,3418.18,3418.18,2023-02-28
1271,400,2023-03-28,3418.18,3418.18,2023-03-28
1272,400,2023-04-28,3418.18,3418.18,2023-04-28
1273,400,2023-05-28,3418.18,3418.18,2023-05-28
1274,402,2025-10-28,1215.38,1215.38,2025-10-28
1275,402,2025-11-28,1215.38,1215.38,2025-11-28
1276,402,2025-12-28,1215.38,1215.38,2025-12-28
1277,402,2026-01-28,1215.38,1215.38,2026-01-28
1278,402,2026-02-28,1215.38,1215.38,2026-02-28
1279,402,2026-03-28,1215.38,1215.38,2026-03-28
1280,402,2026-04-28,1215.38,1215.38,2026-05-04
1281,402,2026-05-28,1215.38,1215.38,2026-05-28
1282,402,2026-06-28,1215.38,1215.38,2026-06-28
1283,402,2026-07-28,1215.38,1215.38,2026-07-28
1284,402,2026-08-28,1215.38,1215.38,2026-08-28
1285,404,2024-03-28,27670.83,27670.83,2024-03-28
1286,404,2024-04-28,27670.83,27670.83,2024-04-28
1287,404,2024-05-28,27670.83,27670.83,2024-05-28
1288,404,2024-06-28,27670.83,27670.83,2024-06-28
1289,404,2024-07-28,27670.83,27670.83,2024-07-28
1290,404,2024-08-28,27670.83,27670.83,2024-08-28
1291,404,2024-09-28,27670.83,27670.83,2024-09-28
1292,404,2024-10-28,27670.83,27670.83,2024-10-28
1293,404,2024-11-28,27670.83,27670.83,2024-11-28
1294,404,2024-12-28,27670.83,27670.83,2024-12-28
1295,404,2025-01-28,27670.83,27670.83,2025-01-28
1296,404,2025-02-28,27670.83,27670.83,2025-02-28
1297,404,2025-03-28,27670.83,27670.83,2025-04-07
1298,404,2025-04-28,27670.83,27670.83,2025-04-28
1299,404,2025-05-28,27670.83,27670.83,2025-05-28
1300,404,2025-06-28,27670.83,27670.83,2025-06-28
1301,404,2025-07-28,27670.83,27670.83,2025-07-28
1302,404,2025-08-28,27670.83,27670.83,2025-08-28
1303,404,2025-09-28,27670.83,27670.83,2025-09-28
1304,404,2025-10-28,27670.83,27670.83,2025-10-28
1305,404,2025-11-28,27670.83,27670.83,2025-11-28
1306,404,2025-12-28,27670.83,27670.83,2025-12-28
1307,404,2026-01-28,27670.83,27670.83,2026-01-28
1308,404,2026-02-28,27670.83,27670.83,2026-03-09
1309,404,2026-03-28,27670.83,27670.83,2026-03-28
1310,404,2026-04-28,27670.83,27670.83,2026-04-28
1311,404,2026-05-28,27670.83,27670.83,2026-05-28
1312,404,2026-06-28,27670.83,27670.83,2026-06-28
1313,404,2026-07-28,27670.83,27670.83,2026-07-28
1314,404,2026-08-28,27670.83,27670.83,2026-08-28
1315,410,2022-05-15,3312.0,3312.0,2022-05-15
1316,410,2022-06-15,3312.0,3312.0,2022-06-15
1317,410,2022-07-15,3312.0,3312.0,2022-07-15
1318,410,2022-08-15,3312.0,3312.0,2022-08-15
1319,410,2022-09-15,3312.0,3312.0,2022-09-15
1320,410,2022-10-15,3312.0,3312.0,2022-10-15
1321,410,2022-11-15,3312.0,3312.0,2022-11-15
1322,410,2022-12-15,3312.0,3312.0,2022-12-15
1323,410,2023-01-15,3312.0,3312.0,2023-01-15
1324,410,2023-02-15,3312.0,3312.0,2023-02-15
1325,410,2023-03-15,3312.0,3312.0,2023-03-15
1326,410,2023-04-15,3312.0,3312.0,2023-04-15
1327,410,2023-05-15,3312.0,3312.0,2023-05-15
1328,410,2023-06-15,3312.0,3312.0,2023-06-15
1329,410,2023-07-15,3312.0,3312.0,2023-07-15
1330,410,2023-08-15,3312.0,3312.0,2023-08-15
1331,410,2023-09-15,3312.0,3312.0,2023-09-18
1332,410,2023-10-15,3312.0,3312.0,2023-10-15
1333,410,2023-11-15,3312.0,3312.0,2023-11-15
1334,410,2023-12-15,3312.0,3312.0,2023-12-15
1335,410,2024-01-15,3312.0,3312.0,2024-01-15
1336,410,2024-02-15,3312.0,3312.0,2024-02-23
1337,410,2024-03-15,3312.0,3312.0,2024-03-15
1338,410,2024-04-15,3312.0,3312.0,2024-04-22
1339,410,2024-05-15,3312.0,3312.0,2024-05-15
1340,412,2024-06-28,5223.33,5223.33,2024-06-28
1341,412,2024-07-28,5223.33,5223.33,2024-07-28
1342,412,2024-08-28,5223.33,5223.33,2024-08-28
1343,412,2024-09-28,5223.33,5223.33,2024-09-28
1344,412,2024-10-28,5223.33,5223.33,2024-10-28
1345,412,2024-11-28,5223.33,5223.33,2024-11-28
1346,412,2024-12-28,5223.33,5223.33,2024-12-28
1347,412,2025-01-28,5223.33,5223.33,2025-01-28
1348,412,2025-02-28,5223.33,5223.33,2025-02-28
1349,412,2025-03-28,5223.33,5223.33,2025-03-28
1350,412,2025-04-28,5223.33,5223.33,2025-04-28
1351,412,2025-05-28,5223.33,5223.33,2025-05-28
1352,412,2025-06-28,5223.33,5223.33,2025-06-28
1353,412,2025-07-28,5223.33,5223.33,2025-07-28
1354,412,2025-08-28,5223.33,5223.33,2025-08-28
1355,412,2025-09-28,5223.33,5223.33,2025-09-28
1356,412,2025-10-28,5223.33,5223.33,2025-10-28
1357,412,2025-11-28,5223.33,5223.33,2025-11-28
1358,412,2025-12-28,5223.33,5223.33,2025-12-28
1359,412,2026-01-28,5223.33,5223.33,2026-01-28
1360,412,2026-02-28,5223.33,5223.33,2026-02-28
1361,412,2026-03-28,5223.33,5223.33,2026-03-28
1362,412,2026-04-28,5223.33,5223.33,2026-04-28
1363,412,2026-05-28,5223.33,5223.33,2026-05-28
1364,412,2026-06-28,5223.33,5223.33,2026-06-28
1365,412,2026-07-28,5223.33,5223.33,2026-07-28
1366,412,2026-08-28,5223.33,5223.33,2026-08-28
1367,416,2025-11-15,28666.67,28666.67,2025-11-15
1368,416,2025-12-15,28666.67,28666.67,2025-12-25
1369,416,2026-01-15,28666.67,28666.67,2026-01-15
1370,418,2022-03-20,15733.33,15733.33,2022-03-20
1371,418,2022-04-20,15733.33,15733.33,2022-04-20
1372,418,2022-05-20,15733.33,15733.33,2022-05-20
1373,419,2026-04-12,3130.77,3130.77,2026-04-12
1374,419,2026-05-12,3130.77,3130.77,2026-05-17
1375,419,2026-06-12,3130.77,3130.77,2026-06-12
1376,419,2026-07-12,3130.77,3130.77,2026-07-12
1377,419,2026-08-12,3130.77,3130.77,2026-08-12
1378,420,2025-07-14,1500.0,1500.0,2025-07-14
1379,420,2025-08-14,1500.0,1500.0,2025-08-14
1380,420,2025-09-14,1500.0,1500.0,2025-09-14
1381,420,2025-10-14,1500.0,1500.0,2025-10-14
1382,420,2025-11-14,1500.0,1500.0,2025-11-14
1383,420,2025-12-14,1500.0,1500.0,2025-12-14
1384,420,2026-01-14,1500.0,1500.0,2026-01-14
1385,420,2026-02-14,1500.0,1500.0,2026-02-14
1386,420,2026-03-14,1500.0,1500.0,2026-03-14
1387,420,2026-04-14,1500.0,1500.0,2026-04-14
1388,420,2026-05-14,1500.0,1500.0,2026-05-14
1389,420,2026-06-14,1500.0,1500.0,2026-06-24
1390,422,2022-06-07,10726.53,10726.53,2022-06-07
1391,422,2022-07-07,10726.53,10726.53,2022-07-07
1392,422,2022-08-07,10726.53,10726.53,2022-08-07
1393,422,2022-09-07,10726.53,10726.53,2022-09-12
1394,422,2022-10-07,10726.53,10726.53,2022-10-07
1395,422,2022-11-07,10726.53,10726.53,2022-11-07
1396,422,2022-12-07,10726.53,10726.53,2022-12-07
1397,422,2023-01-07,10726.53,10726.53,2023-01-07
1398,422,2023-02-07,10726.53,10726.53,2023-02-07
1399,422,2023-03-07,10726.53,10726.53,2023-03-07
1400,422,2023-04-07,10726.53,10726.53,2023-04-07
1401,422,2023-05-07,10726.53,10726.53,2023-05-07
1402,422,2023-06-07,10726.53,10726.53,2023-06-07
1403,422,2023-07-07,10726.53,10726.53,2023-07-07
1404,422,2023-08-07,10726.53,10726.53,2023-08-07
1405,422,2023-09-07,10726.53,10726.53,2023-09-07
1406,422,2023-10-07,10726.53,10726.53,2023-10-07
1407,422,2023-11-07,10726.53,10726.53,2023-11-07
1408,422,2023-12-07,10726.53,10726.53,2023-12-07
1409,422,2024-01-07,10726.53,10726.53,2024-01-07
1410,422,2024-02-07,10726.53,10726.53,2024-02-07
1411,422,2024-03-07,10726.53,10726.53,2024-03-07
1412,422,2024-04-07,10726.53,10726.53,2024-04-07
1413,422,2024-05-07,10726.53,10726.53,2024-05-07
1414,422,2024-06-07,10726.53,10726.53,2024-06-07
1415,422,2024-07-07,10726.53,10726.53,2024-07-07
1416,422,2024-08-07,10726.53,10726.53,2024-08-07
1417,422,2024-09-07,10726.53,10726.53,2024-09-07
1418,422,2024-10-07,10726.53,10726.53,2024-10-07
1419,422,2024-11-07,10726.53,10726.53,2024-11-07
1420,422,2024-12-07,10726.53,10726.53,2024-12-07
1421,422,2025-01-07,10726.53,10726.53,2025-01-07
1422,422,2025-02-07,10726.53,10726.53,2025-02-07
1423,422,2025-03-07,10726.53,10726.53,2025-03-07
1424,422,2025-04-07,10726.53,10726.53,2025-04-07
1425,422,2025-05-07,10726.53,10726.53,2025-05-07
1426,422,2025-06-07,10726.53,10726.53,2025-06-07
1427,422,2025-07-07,10726.53,10726.53,2025-07-07
1428,422,2025-08-07,10726.53,10726.53,2025-08-07
1429,422,2025-09-07,10726.53,10726.53,2025-09-07
1430,422,2025-10-07,10726.53,10726.53,2025-10-07
1431,422,2025-11-07,10726.53,10726.53,2025-11-07
1432,422,2025-12-07,10726.53,10726.53,2025-12-07
1433,422,2026-01-07,10726.53,10726.53,2026-01-07
1434,422,2026-02-07,10726.53,10726.53,2026-02-07
1435,422,2026-03-07,10726.53,10726.53,2026-03-07
1436,422,2026-04-07,10726.53,10726.53,2026-04-07
1437,422,2026-05-07,10726.53,10726.53,2026-05-07
1438,422,2026-06-07,10726.53,10726.53,2026-06-07
1439,424,2023-10-14,2066.67,2066.67,2023-10-14
1440,424,2023-11-14,2066.67,2066.67,2023-11-14
1441,424,2023-12-14,2066.67,2066.67,2023-12-14
1442,427,2023-10-12,11975.0,11975.0,2023-10-12
1443,427,2023-11-12,11975.0,11975.0,2023-11-12
1444,427,2023-12-12,11975.0,11975.0,2023-12-12
1445,427,2024-01-12,11975.0,11975.0,2024-01-12
1446,435,2022-12-04,544.0,544.0,2022-12-04
1447,435,2023-01-04,544.0,544.0,2023-01-04
1448,435,2023-02-04,544.0,544.0,2023-02-04
1449,435,2023-03-04,544.0,544.0,2023-03-04
1450,435,2023-04-04,544.0,544.0,2023-04-04
1451,435,2023-05-04,544.0,544.0,2023-05-04
1452,435,2023-06-04,544.0,544.0,2023-06-04
1453,435,2023-07-04,544.0,544.0,2023-07-09
1454,435,2023-08-04,544.0,544.0,2023-08-04
1455,435,2023-09-04,544.0,544.0,2023-09-04
1456,435,2023-10-04,544.0,544.0,2023-10-04
1457,435,2023-11-04,544.0,544.0,2023-11-04
1458,435,2023-12-04,544.0,544.0,2023-12-04
1459,435,2024-01-04,544.0,544.0,2024-01-04
1460,435,2024-02-04,544.0,544.0,2024-02-04
1461,435,2024-03-04,544.0,544.0,2024-03-04
1462,435,2024-04-04,544.0,544.0,2024-04-04
1463,435,2024-05-04,544.0,544.0,2024-05-04
1464,435,2024-06-04,544.0,544.0,2024-06-04
1465,435,2024-07-04,544.0,544.0,2024-07-04
1466,435,2024-08-04,544.0,544.0,2024-08-04
1467,435,2024-09-04,544.0,544.0,2024-09-04
1468,435,2024-10-04,544.0,544.0,2024-10-04
1469,435,2024-11-04,544.0,544.0,2024-11-04
1470,435,2024-12-04,544.0,544.0,2024-12-04
1471,436,2025-04-24,3833.33,3833.33,2025-04-24
1472,436,2025-05-24,3833.33,3833.33,2025-05-24
1473,436,2025-06-24,3833.33,3833.33,2025-06-24
1474,436,2025-07-24,3833.33,3833.33,2025-07-24
1475,436,2025-08-24,3833.33,3833.33,2025-08-24
1476,436,2025-09-24,3833.33,3833.33,2025-09-24
1477,436,2025-10-24,3833.33,3833.33,2025-10-24
1478,436,2025-11-24,3833.33,3833.33,2025-11-24
1479,436,2025-12-24,3833.33,3833.33,2025-12-24
1480,436,2026-01-24,3833.33,3833.33,2026-01-24
1481,436,2026-02-24,3833.33,3833.33,2026-02-24
1482,436,2026-03-24,3833.33,3833.33,2026-03-24
1483,437,2024-08-08,1533.33,1533.33,2024-08-08
1484,437,2024-09-08,1533.33,1533.33,2024-09-08
1485,437,2024-10-08,1533.33,1533.33,2024-10-08
1486,437,2024-11-08,1533.33,1533.33,2024-11-08
1487,437,2024-12-08,1533.33,1533.33,2024-12-08
1488,437,2025-01-08,1533.33,1533.33,2025-01-08
1489,441,2026-02-17,20933.33,20933.33,2026-02-17
1490,441,2026-03-17,20933.33,20933.33,2026-03-17
1491,441,2026-04-17,20933.33,20933.33,2026-04-17
1492,442,2025-12-28,3916.67,3916.67,2025-12-28
1493,442,2026-01-28,3916.67,3916.67,2026-01-28
1494,442,2026-02-28,3916.67,3916.67,2026-02-28
1495,442,2026-03-28,3916.67,3916.67,2026-03-28
1496,442,2026-04-28,3916.67,3916.67,2026-04-28
1497,442,2026-05-28,3916.67,3916.67,2026-06-05
1498,445,2025-02-10,33022.45,33022.45,2025-02-16
1499,445,2025-03-10,33022.45,33022.45,2025-03-10
1500,445,2025-04-10,33022.45,33022.45,2025-04-10
1501,445,2025-05-10,33022.45,33022.45,2025-05-10
1502,445,2025-06-10,33022.45,33022.45,2025-06-10
1503,445,2025-07-10,33022.45,33022.45,2025-07-10
1504,445,2025-08-10,33022.45,33022.45,2025-08-10
1505,445,2025-09-10,33022.45,33022.45,2025-09-10
1506,445,2025-10-10,33022.45,33022.45,2025-10-10
1507,445,2025-11-10,33022.45,33022.45,2025-11-10
1508,445,2025-12-10,33022.45,33022.45,2025-12-10
1509,445,2026-01-10,33022.45,33022.45,2026-01-10
1510,445,2026-02-10,33022.45,33022.45,2026-02-10
1511,445,2026-03-10,33022.45,33022.45,2026-03-10
1512,445,2026-04-10,33022.45,33022.45,2026-04-10
1513,445,2026-05-10,33022.45,33022.45,2026-05-10
1514,445,2026-06-10,33022.45,33022.45,2026-06-10
1515,445,2026-07-10,33022.45,33022.45,2026-07-10
1516,445,2026-08-10,33022.45,33022.45,2026-08-10
1517,446,2026-04-07,2192.31,2192.31,2026-04-07
1518,446,2026-05-07,2192.31,2192.31,2026-05-11
1519,446,2026-06-07,2192.31,2192.31,2026-06-07
1520,446,2026-07-07,2192.31,2192.31,2026-07-07
1521,446,2026-08-07,2192.31,2192.31,2026-08-07
1522,455,2024-10-20,4533.33,4533.33,2024-10-20
1523,455,2024-11-20,4533.33,4533.33,2024-11-20
1524,455,2024-12-20,4533.33,4533.33,2024-12-20
1525,456,2024-03-13,2300.0,2300.0,2024-03-13
1526,456,2024-04-13,2300.0,2300.0,2024-04-13
1527,456,2024-05-13,2300.0,2300.0,2024-05-13
1528,456,2024-06-13,2300.0,2300.0,2024-06-13
1529,460,2026-05-12,29748.98,29748.98,2026-05-18
1530,460,2026-06-12,29748.98,29748.98,2026-06-12
1531,460,2026-07-12,29748.98,29748.98,2026-07-12
1532,460,2026-08-12,29748.98,29748.98,2026-08-12
1533,461,2026-05-03,87200.0,87200.0,2026-05-03
1534,463,2026-04-27,3500.0,3500.0,2026-04-27
1535,463,2026-05-27,3500.0,3500.0,2026-05-27
1536,463,2026-06-27,3500.0,3500.0,2026-06-27
1537,463,2026-07-27,3500.0,3500.0,2026-07-27
1538,463,2026-08-27,3500.0,3500.0,2026-08-27
1539,467,2026-08-09,8560.0,8560.0,2026-08-09
1540,469,2023-08-18,16833.33,16833.33,2023-08-18
1541,469,2023-09-18,16833.33,16833.33,2023-09-18
1542,469,2023-10-18,16833.33,16833.33,2023-10-18
1543,471,2026-08-12,1350.0,1350.0,2026-08-12
1544,472,2023-01-28,1750.0,1750.0,2023-01-28
1545,472,2023-02-28,1750.0,1750.0,2023-02-28
1546,474,2025-07-02,5000.0,5000.0,2025-07-02
1547,474,2025-08-02,5000.0,5000.0,2025-08-02
1548,478,2024-11-24,1016.67,1016.67,2024-11-24
1549,478,2024-12-24,1016.67,1016.67,2024-12-24
1550,478,2025-01-24,1016.67,1016.67,2025-01-24
1551,478,2025-02-24,1016.67,1016.67,2025-02-24
1552,478,2025-03-24,1016.67,1016.67,2025-03-24
1553,478,2025-04-24,1016.67,1016.67,2025-04-24
1554,478,2025-05-24,1016.67,1016.67,2025-05-28
1555,478,2025-06-24,1016.67,1016.67,2025-06-24
1556,478,2025-07-24,1016.67,1016.67,2025-07-24
1557,478,2025-08-24,1016.67,1016.67,2025-09-02
1558,478,2025-09-24,1016.67,1016.67,2025-09-24
1559,478,2025-10-24,1016.67,1016.67,2025-10-24
1560,481,2025-01-09,8105.08,8105.08,2025-01-09
1561,481,2025-02-09,8105.08,8105.08,2025-02-09
1562,481,2025-03-09,8105.08,8105.08,2025-03-09
1563,481,2025-04-09,8105.08,8105.08,2025-04-09
1564,481,2025-05-09,8105.08,8105.08,2025-05-09
1565,481,2025-06-09,8105.08,8105.08,2025-06-14
1566,481,2025-07-09,8105.08,8105.08,2025-07-09
1567,481,2025-08-09,8105.08,8105.08,2025-08-09
1568,481,2025-09-09,8105.08,8105.08,2025-09-09
1569,481,2025-10-09,8105.08,8105.08,2025-10-09
1570,481,2025-11-09,8105.08,8105.08,2025-11-09
1571,481,2025-12-09,8105.08,0.0,
1572,481,2026-01-09,8105.08,0.0,
1573,481,2026-02-09,8105.08,1641.05,2026-02-19
1574,481,2026-03-09,8105.08,0.0,
1575,481,2026-04-09,8105.08,0.0,
1576,481,2026-05-09,8105.08,4452.85,2026-05-29
1577,481,2026-06-09,8105.08,4990.08,2026-06-21
1578,481,2026-07-09,8105.08,2009.35,2026-07-18
1579,481,2026-08-09,8105.08,0.0,
1580,483,2025-12-03,10060.0,10060.0,2025-12-03
1581,483,2026-01-03,10060.0,10060.0,2026-01-03
1582,483,2026-02-03,10060.0,10060.0,2026-02-03
1583,483,2026-03-03,10060.0,10060.0,2026-03-03
1584,483,2026-04-03,10060.0,10060.0,2026-04-03
1585,484,2023-10-28,2950.0,2950.0,2023-10-28
1586,484,2023-11-28,2950.0,2950.0,2023-11-28
1587,484,2023-12-28,2950.0,2950.0,2023-12-28
1588,484,2024-01-28,2950.0,2950.0,2024-01-28
1589,484,2024-02-28,2950.0,2950.0,2024-02-28
1590,484,2024-03-28,2950.0,2950.0,2024-03-28
1591,484,2024-04-28,2950.0,2950.0,2024-04-28
1592,484,2024-05-28,2950.0,2950.0,2024-05-28
1593,484,2024-06-28,2950.0,2950.0,2024-06-28
1594,484,2024-07-28,2950.0,2950.0,2024-07-28
1595,484,2024-08-28,2950.0,2950.0,2024-08-28
1596,484,2024-09-28,2950.0,2950.0,2024-09-28
1597,488,2026-06-18,12038.78,12038.78,2026-06-18
1598,488,2026-07-18,12038.78,12038.78,2026-07-18
1599,488,2026-08-18,12038.78,12038.78,2026-08-18
1600,490,2026-02-25,1527.27,1527.27,2026-02-25
1601,490,2026-03-25,1527.27,1527.27,2026-03-25
1602,490,2026-04-25,1527.27,1527.27,2026-04-25
1603,490,2026-05-25,1527.27,1527.27,2026-05-25
1604,490,2026-06-25,1527.27,1527.27,2026-06-25
1605,490,2026-07-25,1527.27,1527.27,2026-07-25
1606,490,2026-08-25,1527.27,1527.27,2026-08-25
1607,493,2023-02-07,4140.0,4140.0,2023-02-07
1608,493,2023-03-07,4140.0,4140.0,2023-03-07
1609,493,2023-04-07,4140.0,4140.0,2023-04-07
1610,493,2023-05-07,4140.0,4140.0,2023-05-07
1611,493,2023-06-07,4140.0,4140.0,2023-06-07
1612,494,2023-04-28,543.48,543.48,2023-04-28
1613,494,2023-05-28,543.48,543.48,2023-05-28
1614,494,2023-06-28,543.48,543.48,2023-06-28
1615,494,2023-07-28,543.48,543.48,2023-07-28
1616,494,2023-08-28,543.48,543.48,2023-08-28
1617,494,2023-09-28,543.48,543.48,2023-09-28
1618,494,2023-10-28,543.48,543.48,2023-10-28
1619,494,2023-11-28,543.48,543.48,2023-11-28
1620,494,2023-12-28,543.48,543.48,2024-01-05
1621,494,2024-01-28,543.48,543.48,2024-01-28
1622,494,2024-02-28,543.48,543.48,2024-02-28
1623,494,2024-03-28,543.48,543.48,2024-03-28
1624,494,2024-04-28,543.48,543.48,2024-04-28
1625,494,2024-05-28,543.48,543.48,2024-05-28
1626,494,2024-06-28,543.48,543.48,2024-06-28
1627,494,2024-07-28,543.48,543.48,2024-07-28
1628,494,2024-08-28,543.48,543.48,2024-08-28
1629,494,2024-09-28,543.48,543.48,2024-09-28
1630,494,2024-10-28,543.48,543.48,2024-10-28
1631,494,2024-11-28,543.48,543.48,2024-11-28
1632,494,2024-12-28,543.48,543.48,2024-12-28
1633,494,2025-01-28,543.48,543.48,2025-01-28
1634,494,2025-02-28,543.48,543.48,2025-02-28
1635,495,2026-08-04,1558.33,1558.33,2026-08-04
1636,497,2025-12-26,1791.8,1791.8,2025-12-26
1637,497,2026-01-26,1791.8,1791.8,2026-01-26
1638,497,2026-02-26,1791.8,1791.8,2026-02-26
1639,497,2026-03-26,1791.8,1791.8,2026-03-26
1640,497,2026-04-26,1791.8,1791.8,2026-04-26
1641,497,2026-05-26,1791.8,1791.8,2026-05-26
1642,497,2026-06-26,1791.8,1791.8,2026-06-26
1643,497,2026-07-26,1791.8,1791.8,2026-07-26
1644,497,2026-08-26,1791.8,1791.8,2026-08-26
1645,504,2026-07-21,1160.0,1160.0,2026-07-21
1646,504,2026-08-21,1160.0,1160.0,2026-08-21
1647,506,2026-01-03,4066.67,4066.67,2026-01-03
1648,506,2026-02-03,4066.67,4066.67,2026-02-03
1649,506,2026-03-03,4066.67,4066.67,2026-03-03
1650,507,2026-02-01,1883.33,1883.33,2026-02-01
1651,507,2026-03-01,1883.33,1883.33,2026-03-01
1652,507,2026-04-01,1883.33,1883.33,2026-04-01
1653,507,2026-05-01,1883.33,1883.33,2026-05-01
1654,507,2026-06-01,1883.33,1883.33,2026-06-01
1655,507,2026-07-01,1883.33,1883.33,2026-07-01
1656,508,2024-03-26,4129.17,4129.17,2024-03-26
1657,508,2024-04-26,4129.17,4129.17,2024-04-26
1658,508,2024-05-26,4129.17,4129.17,2024-05-26
1659,508,2024-06-26,4129.17,4129.17,2024-06-26
1660,508,2024-07-26,4129.17,4129.17,2024-07-26
1661,508,2024-08-26,4129.17,4129.17,2024-08-26
1662,508,2024-09-26,4129.17,4129.17,2024-09-26
1663,508,2024-10-26,4129.17,4129.17,2024-10-26
1664,508,2024-11-26,4129.17,4129.17,2024-11-26
1665,508,2024-12-26,4129.17,4129.17,2024-12-26
1666,508,2025-01-26,4129.17,4129.17,2025-01-26
1667,508,2025-02-26,4129.17,4129.17,2025-02-26
1668,508,2025-03-26,4129.17,4129.17,2025-03-26
1669,508,2025-04-26,4129.17,4129.17,2025-04-26
1670,508,2025-05-26,4129.17,4129.17,2025-05-26
1671,508,2025-06-26,4129.17,4129.17,2025-06-26
1672,508,2025-07-26,4129.17,4129.17,2025-07-26
1673,508,2025-08-26,4129.17,4129.17,2025-08-26
1674,508,2025-09-26,4129.17,4129.17,2025-09-26
1675,508,2025-10-26,4129.17,4129.17,2025-10-26
1676,508,2025-11-26,4129.17,4129.17,2025-11-30
1677,508,2025-12-26,4129.17,4129.17,2025-12-26
1678,508,2026-01-26,4129.17,4129.17,2026-01-26
1679,508,2026-02-26,4129.17,4129.17,2026-02-26
1680,510,2026-04-28,4280.0,4280.0,2026-04-28
1681,510,2026-05-28,4280.0,4280.0,2026-05-28
1682,510,2026-06-28,4280.0,4280.0,2026-06-28
1683,510,2026-07-28,4280.0,4280.0,2026-07-28
1684,510,2026-08-28,4280.0,4280.0,2026-08-28
1685,514,2025-12-23,33200.0,33200.0,2025-12-23
1686,514,2026-01-23,33200.0,33200.0,2026-01-23
1687,515,2026-02-07,1525.0,1525.0,2026-02-07
1688,515,2026-03-07,1525.0,1525.0,2026-03-07
1689,515,2026-04-07,1525.0,1525.0,2026-04-07
1690,515,2026-05-07,1525.0,1525.0,2026-05-07
1691,515,2026-06-07,1525.0,1525.0,2026-06-07
1692,515,2026-07-07,1525.0,1525.0,2026-07-07
1693,515,2026-08-07,1525.0,1525.0,2026-08-07
1694,518,2024-06-01,1850.0,1850.0,2024-06-01
1695,518,2024-07-01,1850.0,0.0,
1696,518,2024-08-01,1850.0,1175.42,2024-08-16
1697,518,2024-09-01,1850.0,0.0,
1698,519,2024-09-17,2336.36,2336.36,2024-09-17
1699,519,2024-10-17,2336.36,2336.36,2024-10-17
1700,519,2024-11-17,2336.36,2336.36,2024-11-17
1701,519,2024-12-17,2336.36,2336.36,2024-12-21
1702,519,2025-01-17,2336.36,2336.36,2025-01-17
1703,519,2025-02-17,2336.36,2336.36,2025-02-17
1704,519,2025-03-17,2336.36,2336.36,2025-03-17
1705,519,2025-04-17,2336.36,2336.36,2025-04-17
1706,519,2025-05-17,2336.36,2336.36,2025-05-17
1707,519,2025-06-17,2336.36,2336.36,2025-06-17
1708,519,2025-07-17,2336.36,2336.36,2025-07-17
1709,522,2026-04-14,2527.27,2527.27,2026-04-14
1710,522,2026-05-14,2527.27,2527.27,2026-05-14
1711,522,2026-06-14,2527.27,2527.27,2026-06-14
1712,522,2026-07-14,2527.27,2527.27,2026-07-14
1713,522,2026-08-14,2527.27,2527.27,2026-08-14
1714,523,2023-09-25,13100.0,13100.0,2023-09-25
1715,523,2023-10-25,13100.0,6106.99,2023-11-19
1716,523,2023-11-25,13100.0,6382.57,2023-12-11
1717,526,2026-05-28,4400.0,4400.0,2026-05-28
1718,526,2026-06-28,4400.0,4400.0,2026-06-28
1719,526,2026-07-28,4400.0,4400.0,2026-08-04
1720,526,2026-08-28,4400.0,4400.0,2026-08-28
1721,527,2023-06-25,58600.0,58600.0,2023-06-25
1722,539,2025-06-17,12500.0,12500.0,2025-06-17
1723,539,2025-07-17,12500.0,12500.0,2025-07-17
1724,539,2025-08-17,12500.0,12500.0,2025-08-17
1725,540,2026-05-01,3733.33,3733.33,2026-05-01
1726,540,2026-06-01,3733.33,3733.33,2026-06-01
1727,540,2026-07-01,3733.33,3733.33,2026-07-01
1728,540,2026-08-01,3733.33,3733.33,2026-08-10
1729,541,2024-07-03,4575.0,4575.0,2024-07-03
1730,541,2024-08-03,4575.0,4575.0,2024-08-03
1731,541,2024-09-03,4575.0,4575.0,2024-09-03
1732,541,2024-10-03,4575.0,4575.0,2024-10-03
1733,543,2026-07-14,2245.45,2245.45,2026-07-14
1734,543,2026-08-14,2245.45,2245.45,2026-08-14
1735,546,2023-03-19,5800.0,5800.0,2023-03-19
1736,546,2023-04-19,5800.0,5800.0,2023-04-19
1737,546,2023-05-19,5800.0,5800.0,2023-05-19
1738,550,2025-12-20,7566.67,7566.67,2025-12-20
1739,550,2026-01-20,7566.67,7566.67,2026-01-20
1740,550,2026-02-20,7566.67,7566.67,2026-02-20
1741,553,2026-03-19,4460.0,4460.0,2026-03-19
1742,553,2026-04-19,4460.0,4460.0,2026-04-19
1743,553,2026-05-19,4460.0,4460.0,2026-05-19
1744,553,2026-06-19,4460.0,4460.0,2026-06-19
1745,553,2026-07-19,4460.0,4460.0,2026-07-19
1746,555,2024-09-28,17200.0,17200.0,2024-09-28
1747,555,2024-10-28,17200.0,17200.0,2024-10-28
1748,555,2024-11-28,17200.0,17200.0,2024-11-28
1749,556,2025-08-20,3438.98,3438.98,2025-08-23
1750,556,2025-09-20,3438.98,3438.98,2025-09-20
1751,556,2025-10-20,3438.98,3438.98,2025-10-20
1752,556,2025-11-20,3438.98,3438.98,2025-11-20
1753,556,2025-12-20,3438.98,3438.98,2025-12-20
1754,556,2026-01-20,3438.98,3438.98,2026-01-20
1755,556,2026-02-20,3438.98,3438.98,2026-02-20
1756,556,2026-03-20,3438.98,3438.98,2026-03-29
1757,556,2026-04-20,3438.98,3438.98,2026-04-20
1758,556,2026-05-20,3438.98,3438.98,2026-05-20
1759,556,2026-06-20,3438.98,3438.98,2026-06-20
1760,556,2026-07-20,3438.98,3438.98,2026-07-20
1761,556,2026-08-20,3438.98,3438.98,2026-08-20
1762,562,2025-02-06,3827.27,3827.27,2025-02-06
1763,562,2025-03-06,3827.27,3827.27,2025-03-06
1764,562,2025-04-06,3827.27,3827.27,2025-04-06
1765,562,2025-05-06,3827.27,3827.27,2025-05-06
1766,562,2025-06-06,3827.27,3827.27,2025-06-12
1767,562,2025-07-06,3827.27,3827.27,2025-07-06
1768,562,2025-08-06,3827.27,3827.27,2025-08-06
1769,562,2025-09-06,3827.27,3827.27,2025-09-06
1770,562,2025-10-06,3827.27,3827.27,2025-10-06
1771,562,2025-11-06,3827.27,3827.27,2025-11-06
1772,562,2025-12-06,3827.27,3827.27,2025-12-06
1773,563,2025-07-09,840.0,840.0,2025-07-09
1774,563,2025-08-09,840.0,840.0,2025-08-09
1775,563,2025-09-09,840.0,840.0,2025-09-09
1776,563,2025-10-09,840.0,840.0,2025-10-09
1777,563,2025-11-09,840.0,840.0,2025-11-09
1778,564,2024-04-09,3683.05,3683.05,2024-04-09
1779,564,2024-05-09,3683.05,3683.05,2024-05-09
1780,564,2024-06-09,3683.05,3683.05,2024-06-09
1781,564,2024-07-09,3683.05,3683.05,2024-07-09
1782,564,2024-08-09,3683.05,3683.05,2024-08-09
1783,564,2024-09-09,3683.05,0.0,
1784,564,2024-10-09,3683.05,2419.28,2024-10-27
1785,564,2024-11-09,3683.05,0.0,
1786,564,2024-12-09,3683.05,1203.3,2024-12-14
1787,564,2025-01-09,3683.05,0.0,
1788,564,2025-02-09,3683.05,0.0,
1789,564,2025-03-09,3683.05,0.0,
1790,564,2025-04-09,3683.05,3683.05,2025-04-09
1791,564,2025-05-09,3683.05,3683.05,2025-05-09
1792,564,2025-06-09,3683.05,3683.05,2025-06-09
1793,564,2025-07-09,3683.05,3683.05,2025-07-09
1794,564,2025-08-09,3683.05,3683.05,2025-08-09
1795,564,2025-09-09,3683.05,3683.05,2025-09-09
1796,564,2025-10-09,3683.05,3683.05,2025-10-09
1797,564,2025-11-09,3683.05,3683.05,2025-11-09
1798,564,2025-12-09,3683.05,3683.05,2025-12-09
1799,564,2026-01-09,3683.05,3683.05,2026-01-09
1800,564,2026-02-09,3683.05,3683.05,2026-02-09
1801,564,2026-03-09,3683.05,3683.05,2026-03-09
1802,564,2026-04-09,3683.05,3683.05,2026-04-09
1803,564,2026-05-09,3683.05,3683.05,2026-05-09
1804,564,2026-06-09,3683.05,3683.05,2026-06-09
1805,564,2026-07-09,3683.05,3683.05,2026-07-09
1806,564,2026-08-09,3683.05,3683.05,2026-08-09
1807,565,2022-09-12,1181.82,1181.82,2022-09-12
1808,565,2022-10-12,1181.82,1181.82,2022-10-12
1809,565,2022-11-12,1181.82,1181.82,2022-11-12
1810,565,2022-12-12,1181.82,1181.82,2022-12-12
1811,565,2023-01-12,1181.82,1181.82,2023-01-12
1812,565,2023-02-12,1181.82,1181.82,2023-02-12
1813,565,2023-03-12,1181.82,1181.82,2023-03-12
1814,565,2023-04-12,1181.82,1181.82,2023-04-18
1815,565,2023-05-12,1181.82,1181.82,2023-05-12
1816,565,2023-06-12,1181.82,1181.82,2023-06-12
1817,565,2023-07-12,1181.82,1181.82,2023-07-15
1818,566,2023-06-28,8100.0,8100.0,2023-06-28
1819,566,2023-07-28,8100.0,8100.0,2023-07-28
1820,566,2023-08-28,8100.0,8100.0,2023-08-28
1821,569,2025-02-22,6900.0,6900.0,2025-02-22
1822,571,2023-05-04,3580.0,3580.0,2023-05-04
1823,571,2023-06-04,3580.0,3580.0,2023-06-04
1824,571,2023-07-04,3580.0,3580.0,2023-07-04
1825,571,2023-08-04,3580.0,3580.0,2023-08-04
1826,571,2023-09-04,3580.0,3580.0,2023-09-04
1827,574,2025-10-12,7866.67,7866.67,2025-10-18
1828,574,2025-11-12,7866.67,7866.67,2025-11-12
1829,574,2025-12-12,7866.67,7866.67,2025-12-12
1830,574,2026-01-12,7866.67,7866.67,2026-01-12
1831,574,2026-02-12,7866.67,7866.67,2026-02-12
1832,574,2026-03-12,7866.67,7866.67,2026-03-12
1833,580,2024-11-10,5589.83,5589.83,2024-11-10
1834,580,2024-12-10,5589.83,5589.83,2024-12-10
1835,580,2025-01-10,5589.83,5589.83,2025-01-10
1836,580,2025-02-10,5589.83,5589.83,2025-02-10
1837,580,2025-03-10,5589.83,5589.83,2025-03-10
1838,580,2025-04-10,5589.83,5589.83,2025-04-18
1839,580,2025-05-10,5589.83,5589.83,2025-05-10
1840,580,2025-06-10,5589.83,5589.83,2025-06-10
1841,580,2025-07-10,5589.83,5589.83,2025-07-10
1842,580,2025-08-10,5589.83,5589.83,2025-08-10
1843,580,2025-09-10,5589.83,5589.83,2025-09-10
1844,580,2025-10-10,5589.83,5589.83,2025-10-10
1845,580,2025-11-10,5589.83,5589.83,2025-11-20
1846,580,2025-12-10,5589.83,5589.83,2025-12-10
1847,580,2026-01-10,5589.83,5589.83,2026-01-10
1848,580,2026-02-10,5589.83,5589.83,2026-02-13
1849,580,2026-03-10,5589.83,5589.83,2026-03-10
1850,580,2026-04-10,5589.83,5589.83,2026-04-19
1851,580,2026-05-10,5589.83,5589.83,2026-05-10
1852,580,2026-06-10,5589.83,5589.83,2026-06-10
1853,580,2026-07-10,5589.83,5589.83,2026-07-10
1854,580,2026-08-10,5589.83,5589.83,2026-08-10
1855,581,2024-01-02,18966.67,18966.67,2024-01-02
1856,581,2024-02-02,18966.67,18966.67,2024-02-02
1857,581,2024-03-02,18966.67,18966.67,2024-03-02
1858,584,2024-01-19,2216.67,2216.67,2024-01-19
1859,584,2024-02-19,2216.67,2216.67,2024-02-19
1860,584,2024-03-19,2216.67,0.0,
1861,584,2024-04-19,2216.67,0.0,
1862,584,2024-05-19,2216.67,0.0,
1863,584,2024-06-19,2216.67,2216.67,2024-06-19
1864,585,2025-11-28,2950.0,2950.0,2025-11-28
1865,585,2025-12-28,2950.0,2950.0,2025-12-28
1866,585,2026-01-28,2950.0,2950.0,2026-01-28
1867,585,2026-02-28,2950.0,2950.0,2026-02-28
1868,585,2026-03-28,2950.0,1247.75,2026-04-04
1869,585,2026-04-28,2950.0,1429.57,2026-05-13
1870,587,2026-04-17,858.33,858.33,2026-04-17
1871,587,2026-05-17,858.33,858.33,2026-05-17
1872,587,2026-06-17,858.33,858.33,2026-06-17
1873,587,2026-07-17,858.33,858.33,2026-07-17
1874,587,2026-08-17,858.33,858.33,2026-08-17
1875,591,2025-11-07,8300.0,8300.0,2025-11-07
1876,591,2025-12-07,8300.0,8300.0,2025-12-07
1877,592,2023-05-03,2608.33,2608.33,2023-05-03
1878,592,2023-06-03,2608.33,2608.33,2023-06-03
1879,592,2023-07-03,2608.33,2608.33,2023-07-03
1880,592,2023-08-03,2608.33,2608.33,2023-08-03
1881,592,2023-09-03,2608.33,2608.33,2023-09-03
1882,592,2023-10-03,2608.33,2608.33,2023-10-03
1883,592,2023-11-03,2608.33,2608.33,2023-11-03
1884,592,2023-12-03,2608.33,2608.33,2023-12-03
1885,592,2024-01-03,2608.33,598.64,2024-01-15
1886,592,2024-02-03,2608.33,0.0,
1887,592,2024-03-03,2608.33,0.0,
1888,592,2024-04-03,2608.33,0.0,
1889,594,2024-08-22,9912.5,9912.5,2024-08-22
1890,594,2024-09-22,9912.5,9912.5,2024-09-22
1891,594,2024-10-22,9912.5,9912.5,2024-10-25
1892,594,2024-11-22,9912.5,9912.5,2024-11-22
1893,594,2024-12-22,9912.5,9912.5,2024-12-22
1894,594,2025-01-22,9912.5,9912.5,2025-01-22
1895,594,2025-02-22,9912.5,9912.5,2025-02-22
1896,594,2025-03-22,9912.5,9912.5,2025-03-22
1897,594,2025-04-22,9912.5,9912.5,2025-04-22
1898,594,2025-05-22,9912.5,9912.5,2025-05-22
1899,594,2025-06-22,9912.5,9912.5,2025-06-22
1900,594,2025-07-22,9912.5,9912.5,2025-07-22
1901,594,2025-08-22,9912.5,9912.5,2025-08-22
1902,594,2025-09-22,9912.5,9912.5,2025-09-22
1903,594,2025-10-22,9912.5,9912.5,2025-10-29
1904,594,2025-11-22,9912.5,9912.5,2025-11-22
1905,594,2025-12-22,9912.5,9912.5,2025-12-22
1906,594,2026-01-22,9912.5,9912.5,2026-01-25
1907,594,2026-02-22,9912.5,9912.5,2026-02-22
1908,594,2026-03-22,9912.5,9912.5,2026-03-22
1909,594,2026-04-22,9912.5,9912.5,2026-04-22
1910,594,2026-05-22,9912.5,9912.5,2026-05-22
1911,594,2026-06-22,9912.5,9912.5,2026-06-22
1912,594,2026-07-22,9912.5,9912.5,2026-07-22
1913,594,2026-08-22,9912.5,9912.5,2026-08-22
1914,598,2023-12-05,1150.0,1150.0,2023-12-05
1915,598,2024-01-05,1150.0,1150.0,2024-01-05
1916,598,2024-02-05,1150.0,1150.0,2024-02-05
1917,598,2024-03-05,1150.0,1150.0,2024-03-05
1918,598,2024-04-05,1150.0,1150.0,2024-04-05
1919,598,2024-05-05,1150.0,1150.0,2024-05-05
1920,599,2023-09-17,483.33,483.33,2023-09-17
1921,599,2023-10-17,483.33,483.33,2023-10-17
1922,599,2023-11-17,483.33,483.33,2023-11-23
1923,599,2023-12-17,483.33,483.33,2023-12-17
1924,599,2024-01-17,483.33,483.33,2024-01-21
1925,599,2024-02-17,483.33,483.33,2024-02-17
1926,599,2024-03-17,483.33,483.33,2024-03-17
1927,599,2024-04-17,483.33,483.33,2024-04-17
1928,599,2024-05-17,483.33,483.33,2024-05-17
1929,599,2024-06-17,483.33,483.33,2024-06-17
1930,599,2024-07-17,483.33,483.33,2024-07-17
1931,599,2024-08-17,483.33,483.33,2024-08-17
1932,605,2025-08-27,31833.33,31833.33,2025-08-27
1933,605,2025-09-27,31833.33,31833.33,2025-09-27
1934,605,2025-10-27,31833.33,31833.33,2025-10-27
1935,606,2026-08-06,1884.62,1884.62,2026-08-06
1936,607,2025-12-17,25500.0,25500.0,2025-12-17
1937,616,2024-12-28,8828.57,8828.57,2024-12-28
1938,616,2025-01-28,8828.57,8828.57,2025-01-28
1939,616,2025-02-28,8828.57,8828.57,2025-02-28
1940,616,2025-03-28,8828.57,8828.57,2025-03-28
1941,616,2025-04-28,8828.57,8828.57,2025-04-28
1942,616,2025-05-28,8828.57,8828.57,2025-05-28
1943,616,2025-06-28,8828.57,8828.57,2025-06-28
1944,616,2025-07-28,8828.57,8828.57,2025-07-28
1945,616,2025-08-28,8828.57,8828.57,2025-08-28
1946,616,2025-09-28,8828.57,8828.57,2025-09-28
1947,616,2025-10-28,8828.57,8828.57,2025-10-28
1948,616,2025-11-28,8828.57,8828.57,2025-11-28
1949,616,2025-12-28,8828.57,8828.57,2025-12-28
1950,616,2026-01-28,8828.57,8828.57,2026-01-28
1951,616,2026-02-28,8828.57,8828.57,2026-02-28
1952,616,2026-03-28,8828.57,8828.57,2026-03-28
1953,616,2026-04-28,8828.57,8828.57,2026-04-28
1954,616,2026-05-28,8828.57,8828.57,2026-05-28
1955,616,2026-06-28,8828.57,8828.57,2026-06-28
1956,616,2026-07-28,8828.57,8828.57,2026-07-28
1957,616,2026-08-28,8828.57,8828.57,2026-08-28
1958,618,2025-05-14,20900.0,20900.0,2025-05-14
1959,618,2025-06-14,20900.0,20900.0,2025-06-14
1960,622,2022-06-02,2683.33,2683.33,2022-06-02
1961,622,2022-07-02,2683.33,2683.33,2022-07-07
1962,622,2022-08-02,2683.33,2683.33,2022-08-02
1963,622,2022-09-02,2683.33,2683.33,2022-09-02
1964,622,2022-10-02,2683.33,2683.33,2022-10-02
1965,622,2022-11-02,2683.33,2683.33,2022-11-02
1966,622,2022-12-02,2683.33,2683.33,2022-12-02
1967,622,2023-01-02,2683.33,2683.33,2023-01-02
1968,622,2023-02-02,2683.33,2683.33,2023-02-02
1969,622,2023-03-02,2683.33,2683.33,2023-03-02
1970,622,2023-04-02,2683.33,2683.33,2023-04-02
1971,622,2023-05-02,2683.33,2683.33,2023-05-02
1972,624,2024-04-26,2175.0,2175.0,2024-04-26
1973,624,2024-05-26,2175.0,2175.0,2024-05-26
1974,624,2024-06-26,2175.0,2175.0,2024-06-26
1975,624,2024-07-26,2175.0,2175.0,2024-07-26
1976,627,2023-02-22,2625.0,2625.0,2023-02-22
1977,627,2023-03-22,2625.0,2625.0,2023-03-22
1978,627,2023-04-22,2625.0,2625.0,2023-04-22
1979,627,2023-05-22,2625.0,2625.0,2023-05-22
1980,628,2025-04-08,5260.0,5260.0,2025-04-08
1981,628,2025-05-08,5260.0,5260.0,2025-05-08
1982,628,2025-06-08,5260.0,5260.0,2025-06-08
1983,628,2025-07-08,5260.0,5260.0,2025-07-08
1984,628,2025-08-08,5260.0,5260.0,2025-08-08
1985,629,2025-06-12,4445.83,4445.83,2025-06-12
1986,629,2025-07-12,4445.83,4445.83,2025-07-20
1987,629,2025-08-12,4445.83,4445.83,2025-08-12
1988,629,2025-09-12,4445.83,4445.83,2025-09-12
1989,629,2025-10-12,4445.83,4445.83,2025-10-12
1990,629,2025-11-12,4445.83,4445.83,2025-11-12
1991,629,2025-12-12,4445.83,4445.83,2025-12-12
1992,629,2026-01-12,4445.83,4445.83,2026-01-12
1993,629,2026-02-12,4445.83,4445.83,2026-02-12
1994,629,2026-03-12,4445.83,4445.83,2026-03-12
1995,629,2026-04-12,4445.83,4445.83,2026-04-12
1996,629,2026-05-12,4445.83,4445.83,2026-05-12
1997,629,2026-06-12,4445.83,4445.83,2026-06-12
1998,629,2026-07-12,4445.83,4445.83,2026-07-12
1999,629,2026-08-12,4445.83,4445.83,2026-08-12
2000,630,2026-06-11,78400.0,78400.0,2026-06-11
2001,631,2026-08-11,1300.0,1300.0,2026-08-11
2002,639,2025-03-07,1484.62,1484.62,2025-03-07
2003,639,2025-04-07,1484.62,1484.62,2025-04-07
2004,639,2025-05-07,1484.62,1484.62,2025-05-07
2005,639,2025-06-07,1484.62,1484.62,2025-06-07
2006,639,2025-07-07,1484.62,1484.62,2025-07-07
2007,639,2025-08-07,1484.62,1484.62,2025-08-07
2008,639,2025-09-07,1484.62,1484.62,2025-09-07
2009,639,2025-10-07,1484.62,1484.62,2025-10-07
2010,639,2025-11-07,1484.62,1484.62,2025-11-07
2011,639,2025-12-07,1484.62,1484.62,2025-12-07
2012,639,2026-01-07,1484.62,1484.62,2026-01-07
2013,639,2026-02-07,1484.62,1484.62,2026-02-07
2014,639,2026-03-07,1484.62,1484.62,2026-03-07
2015,640,2025-08-04,1633.33,1633.33,2025-08-04
2016,640,2025-09-04,1633.33,1633.33,2025-09-04
2017,640,2025-10-04,1633.33,1633.33,2025-10-04
2018,640,2025-11-04,1633.33,1633.33,2025-11-04
2019,640,2025-12-04,1633.33,1633.33,2025-12-04
2020,640,2026-01-04,1633.33,1633.33,2026-01-04
2021,641,2026-03-22,12950.0,12950.0,2026-03-22
2022,641,2026-04-22,12950.0,12950.0,2026-04-22
2023,641,2026-05-22,12950.0,0.0,
2024,641,2026-06-22,12950.0,0.0,
2025,642,2024-05-09,1866.67,1866.67,2024-05-09
2026,642,2024-06-09,1866.67,1866.67,2024-06-09
2027,642,2024-07-09,1866.67,1866.67,2024-07-15
2028,642,2024-08-09,1866.67,1866.67,2024-08-09
2029,642,2024-09-09,1866.67,1866.67,2024-09-09
2030,642,2024-10-09,1866.67,1866.67,2024-10-09
2031,642,2024-11-09,1866.67,1866.67,2024-11-17
2032,642,2024-12-09,1866.67,1866.67,2024-12-09
2033,642,2025-01-09,1866.67,1866.67,2025-01-18
2034,642,2025-02-09,1866.67,1866.67,2025-02-09
2035,642,2025-03-09,1866.67,1866.67,2025-03-09
2036,642,2025-04-09,1866.67,1866.67,2025-04-09
2037,642,2025-05-09,1866.67,1866.67,2025-05-09
2038,642,2025-06-09,1866.67,1866.67,2025-06-09
2039,642,2025-07-09,1866.67,1866.67,2025-07-09
2040,642,2025-08-09,1866.67,1866.67,2025-08-09
2041,642,2025-09-09,1866.67,1866.67,2025-09-09
2042,642,2025-10-09,1866.67,1866.67,2025-10-09
2043,642,2025-11-09,1866.67,1866.67,2025-11-09
2044,642,2025-12-09,1866.67,1866.67,2025-12-09
2045,642,2026-01-09,1866.67,1866.67,2026-01-09
2046,642,2026-02-09,1866.67,1866.67,2026-02-09
2047,642,2026-03-09,1866.67,1866.67,2026-03-09
2048,642,2026-04-09,1866.67,1866.67,2026-04-09
2049,649,2024-05-24,20350.0,20350.0,2024-05-24
2050,649,2024-06-24,20350.0,20350.0,2024-06-24
