loan_id,member_id,product_id,branch_id,disbursement_date,principal_amount_ksh,term_months,interest_rate_pm,repayment_channel,current_classification,outstanding_balance_ksh,days_past_due,guarantor_required
1,141,1,2,2026-02-16,12800.0,2,1.0,Check-Off,Normal,0.0,0,0
2,321,4,3,2025-12-03,70100.0,23,1.2,Check-Off,Normal,45717.36,0,0
3,217,8,3,2025-11-07,9200.0,5,1.6,Direct-Standing-Order,Normal,0.0,0,0
4,69,8,2,2025-12-01,4800.0,5,1.6,Direct-Standing-Order,Normal,0.0,0,0
5,316,8,1,2024-12-25,27200.0,5,1.6,Direct-Standing-Order,Substandard,8139.35,36,0
6,338,10,1,2024-10-29,32300.0,7,1.5,Direct-Standing-Order,Loss,23516.89,154,0
7,35,1,1,2023-03-18,92600.0,1,1.0,Cash-MobileMoney,Normal,0.0,0,0
8,147,8,2,2024-10-23,14400.0,6,1.6,Direct-Standing-Order,Normal,0.0,0,0
9,80,7,2,2024-03-11,335400.0,37,1.2,Cash-MobileMoney,Normal,72519.06,0,1
10,185,1,1,2026-08-28,39900.0,1,1.0,Direct-Standing-Order,Normal,39900.0,0,0
11,53,10,1,2025-10-12,10200.0,7,1.5,Cash-MobileMoney,Normal,0.02,0,0
12,265,13,3,2025-03-26,444600.0,59,1.1,Direct-Standing-Order,Normal,316494.97,0,1
13,5,12,2,2026-05-05,814900.0,49,1.1,Cash-MobileMoney,Substandard,786856.14,57,1
14,44,8,3,2026-05-05,20200.0,5,1.6,Check-Off,Normal,8080.0,0,0
15,150,3,1,2023-10-08,59100.0,12,1.3,Check-Off,Normal,0.0,0,0
16,158,6,1,2022-09-03,10500.0,11,1.3,Cash-MobileMoney,Normal,0.0,0,0
17,285,9,1,2023-05-27,10300.0,2,1.7,Cash-MobileMoney,Normal,0.0,0,0
18,67,2,1,2024-03-31,35900.0,12,1.5,Direct-Standing-Order,Substandard,5983.3,31,0
19,255,1,1,2025-10-31,21400.0,2,1.0,Direct-Standing-Order,Normal,0.0,0,0
20,77,1,1,2025-10-02,28300.0,3,1.0,Direct-Standing-Order,Normal,0.01,0,0
21,71,5,3,2026-03-29,18700.0,5,1.4,Cash-MobileMoney,Normal,0.0,0,0
22,290,6,2,2024-03-06,11300.0,12,1.3,Check-Off,Normal,0.0,0,0
23,29,9,1,2023-03-26,17200.0,4,1.7,Cash-MobileMoney,Normal,0.0,0,0
24,253,7,3,2022-12-26,67100.0,36,1.2,Direct-Standing-Order,Normal,0.0,0,1
25,201,10,1,2026-04-28,6500.0,7,1.5,Check-Off,Normal,2785.72,0,0
26,73,4,3,2022-06-09,58600.0,23,1.2,Direct-Standing-Order,Normal,0.0,0,0
27,232,1,1,2022-03-10,6900.0,2,1.0,Direct-Standing-Order,Normal,0.0,0,0
28,193,2,1,2022-06-03,47400.0,13,1.5,Cash-MobileMoney,Normal,0.05,0,0
29,277,3,1,2023-07-31,26600.0,12,1.3,Check-Off,Normal,0.0,0,0
30,60,4,1,2024-03-25,78500.0,24,1.2,Cash-MobileMoney,Normal,0.08,0,0
31,223,2,1,2026-08-12,11700.0,13,1.5,Direct-Standing-Order,Normal,11700.0,0,0
32,164,11,1,2026-07-12,313100.0,47,1.1,Direct-Standing-Order,Normal,306438.3,0,1
33,320,8,2,2026-05-20,6000.0,6,1.6,Direct-Standing-Order,Normal,3000.0,0,0
34,55,8,1,2024-01-08,26400.0,6,1.6,Cash-MobileMoney,Normal,0.0,0,0
35,317,8,1,2025-11-21,4000.0,6,1.6,Cash-MobileMoney,Normal,0.0,0,0
36,252,10,1,2026-05-03,48800.0,5,1.5,Check-Off,Normal,19520.0,0,1
37,109,11,2,2024-04-13,829800.0,49,1.1,Check-Off,Normal,355628.68,0,1
38,84,10,1,2026-08-31,43600.0,5,1.5,Check-Off,Normal,43600.0,0,1
39,11,10,3,2026-04-21,5400.0,7,1.5,Direct-Standing-Order,Normal,2314.28,0,0
40,330,3,2,2024-09-10,42100.0,12,1.3,Check-Off,Normal,0.04,0,0
41,142,3,3,2026-01-16,30900.0,13,1.3,Check-Off,Normal,14261.56,0,0
42,336,6,1,2023-08-29,36700.0,12,1.3,Check-Off,Normal,0.04,0,0
43,337,10,3,2023-01-06,9400.0,6,1.5,Direct-Standing-Order,Normal,0.0,0,0
44,182,2,3,2023-09-21,40500.0,12,1.5,Direct-Standing-Order,Loss,21188.75,193,0
45,87,8,1,2024-07-13,24200.0,6,1.6,Check-Off,Substandard,5461.14,49,0
46,160,1,1,2024-02-25,60900.0,3,1.0,Direct-Standing-Order,Normal,0.0,0,0
47,306,7,1,2024-06-07,498000.0,37,1.2,Check-Off,Normal,148054.04,0,1
48,340,7,2,2024-06-29,423800.0,36,1.2,Direct-Standing-Order,Normal,117722.28,0,1
49,90,10,1,2026-08-29,21200.0,6,1.5,Cash-MobileMoney,Normal,21200.0,0,0
50,219,9,1,2022-07-14,2200.0,2,1.7,Direct-Standing-Order,Normal,0.0,0,0
51,225,12,3,2023-07-04,276600.0,49,1.1,Check-Off,Normal,67738.7,0,1
52,286,10,1,2025-06-09,5500.0,5,1.5,Cash-MobileMoney,Normal,0.0,0,0
53,170,13,1,2022-04-14,150200.0,61,1.1,Check-Off,Normal,22160.4,0,1
54,231,6,1,2025-07-04,9700.0,13,1.3,Check-Off,Normal,0.05,0,0
55,197,5,1,2025-06-01,46900.0,5,1.4,Direct-Standing-Order,Normal,0.0,0,1
56,161,9,1,2025-10-27,5900.0,4,1.7,Check-Off,Normal,0.0,0,0
57,92,6,1,2025-11-22,16300.0,13,1.3,Direct-Standing-Order,Normal,5015.35,0,0
58,268,1,3,2026-05-05,10000.0,1,1.0,Direct-Standing-Order,Normal,0.0,0,0
59,83,13,2,2025-10-31,115900.0,60,1.1,Check-Off,Normal,96583.3,0,1
60,196,5,3,2026-06-03,22200.0,5,1.4,Check-Off,Normal,13320.0,0,0
61,227,9,3,2026-08-22,14700.0,4,1.7,Cash-MobileMoney,Normal,14700.0,0,0
62,302,7,1,2026-04-01,399300.0,35,1.2,Cash-MobileMoney,Normal,353665.72,0,1
63,294,7,1,2022-09-29,193000.0,37,1.2,Direct-Standing-Order,Normal,0.0,0,1
64,231,8,1,2024-08-18,3500.0,6,1.6,Check-Off,Normal,0.02,0,0
65,258,1,2,2026-05-31,33600.0,3,1.0,Check-Off,Normal,0.0,0,0
66,243,2,1,2023-03-27,38600.0,11,1.5,Check-Off,Normal,0.01,0,0
67,276,7,2,2022-09-16,144500.0,36,1.2,Cash-MobileMoney,Normal,0.0,0,1
68,329,5,1,2024-01-07,42400.0,3,1.4,Direct-Standing-Order,Normal,0.01,0,1
69,144,10,2,2022-10-14,13800.0,7,1.5,Check-Off,Normal,0.0,0,0
70,109,11,2,2025-02-03,906500.0,48,1.1,Cash-MobileMoney,Normal,566562.44,0,1
71,194,5,3,2026-05-10,33400.0,3,1.4,Direct-Standing-Order,Normal,0.01,0,0
72,250,9,1,2025-05-22,11000.0,2,1.7,Direct-Standing-Order,Normal,0.0,0,0
73,330,3,2,2023-06-04,21000.0,11,1.3,Check-Off,Normal,0.01,0,0
74,304,2,1,2026-06-30,45100.0,11,1.5,Check-Off,Normal,36900.0,0,0
75,265,12,3,2025-10-15,1311500.0,49,1.1,Direct-Standing-Order,Normal,1043846.9,0,1
76,352,5,1,2026-07-30,37500.0,5,1.4,Direct-Standing-Order,Normal,30000.0,0,0
77,56,1,2,2024-12-06,70000.0,3,1.0,Check-Off,Normal,0.01,0,0
78,273,6,1,2022-08-29,21900.0,11,1.3,Direct-Standing-Order,Normal,0.0,0,0
79,302,9,1,2026-06-21,12400.0,4,1.7,Direct-Standing-Order,Normal,6200.0,0,0
80,43,3,3,2026-07-08,28000.0,12,1.3,Check-Off,Normal,25666.67,0,0
81,4,8,3,2022-08-30,3200.0,7,1.6,Check-Off,Normal,0.02,0,0
82,188,8,3,2025-10-25,23400.0,6,1.6,Check-Off,Normal,0.0,0,0
83,204,9,2,2025-09-12,15500.0,2,1.7,Direct-Standing-Order,Normal,0.0,0,0
84,110,6,3,2026-05-29,33000.0,12,1.3,Check-Off,Normal,24750.0,0,0
85,47,9,1,2024-08-23,9800.0,4,1.7,Check-Off,Normal,0.0,0,0
86,336,7,1,2025-12-28,75900.0,37,1.2,Check-Off,Normal,59489.2,0,1
87,45,13,3,2026-05-16,208900.0,60,1.1,Direct-Standing-Order,Normal,198454.99,0,1
88,299,5,1,2026-07-29,17400.0,4,1.4,Cash-MobileMoney,Normal,13050.0,0,0
89,207,8,3,2025-01-24,14000.0,5,1.6,Check-Off,Doubtful,3314.3,67,0
90,113,8,3,2023-04-16,14100.0,6,1.6,Check-Off,Normal,0.0,0,0
91,284,12,2,2025-11-15,771700.0,48,1.1,Cash-MobileMoney,Doubtful,658123.47,77,1
92,262,3,2,2023-03-31,19000.0,13,1.3,Check-Off,Normal,0.0,0,0
93,133,2,2,2024-01-11,17100.0,11,1.5,Cash-MobileMoney,Normal,0.0,0,0
94,139,9,1,2025-02-11,17400.0,3,1.7,Direct-Standing-Order,Normal,0.0,0,0
95,256,1,3,2025-07-15,55700.0,3,1.0,Check-Off,Normal,0.0,0,0
96,84,1,1,2026-08-23,84700.0,2,1.0,Check-Off,Normal,84700.0,0,0
97,172,3,2,2024-01-08,49000.0,13,1.3,Cash-MobileMoney,Normal,0.01,0,0
98,41,5,3,2023-08-10,39700.0,4,1.4,Direct-Standing-Order,Substandard,14860.78,51,0
99,301,7,2,2026-02-15,125300.0,36,1.2,Cash-MobileMoney,Loss,118338.88,108,1
100,118,3,1,2024-11-07,53900.0,12,1.3,Check-Off,Normal,0.0,0,0
101,324,9,1,2025-03-01,11400.0,3,1.7,Cash-MobileMoney,Doubtful,7600.0,60,0
102,70,5,1,2026-02-16,5500.0,5,1.4,Direct-Standing-Order,Normal,0.0,0,0
103,281,5,1,2026-06-25,29000.0,5,1.4,Direct-Standing-Order,Normal,17400.0,0,0
104,194,2,3,2023-02-19,33100.0,12,1.5,Direct-Standing-Order,Normal,0.04,0,0
105,319,6,3,2024-10-06,10300.0,11,1.3,Cash-MobileMoney,Normal,0.04,0,0
106,341,13,1,2024-08-26,356600.0,60,1.1,Direct-Standing-Order,Normal,213960.08,0,1
107,79,9,2,2026-06-09,4300.0,2,1.7,Check-Off,Normal,0.0,0,0
108,178,9,2,2024-06-17,5500.0,4,1.7,Cash-MobileMoney,Normal,0.0,0,0
109,151,7,2,2026-06-23,305000.0,35,1.2,Check-Off,Normal,287571.42,0,1
110,231,4,1,2023-09-06,61400.0,25,1.2,Check-Off,Normal,0.0,0,0
111,199,8,1,2024-12-12,21900.0,7,1.6,Direct-Standing-Order,Normal,0.01,0,0
112,328,1,2,2026-08-19,94100.0,3,1.0,Direct-Standing-Order,Normal,94100.0,0,0
113,189,9,1,2022-04-30,6800.0,4,1.7,Check-Off,Substandard,2608.09,34,0
114,213,9,2,2026-04-19,12400.0,4,1.7,Cash-MobileMoney,Normal,0.0,0,0
115,259,4,1,2022-11-20,149800.0,25,1.2,Direct-Standing-Order,Loss,75850.47,407,0
116,248,2,1,2026-08-19,36600.0,13,1.5,Check-Off,Normal,36600.0,0,0
117,49,8,1,2023-09-08,22700.0,5,1.6,Direct-Standing-Order,Loss,12261.54,113,0
118,79,1,2,2026-02-07,97200.0,2,1.0,Check-Off,Normal,0.0,0,0
119,222,3,2,2024-09-04,19300.0,11,1.3,Check-Off,Normal,0.0,0,0
120,269,3,2,2024-05-12,64400.0,12,1.3,Direct-Standing-Order,Normal,0.0,0,0
121,226,1,1,2026-08-03,24000.0,1,1.0,Check-Off,Normal,24000.0,0,0
122,44,1,3,2025-01-28,95100.0,1,1.0,Direct-Standing-Order,Normal,0.0,0,0
123,148,1,3,2025-11-21,34000.0,1,1.0,Direct-Standing-Order,Normal,0.0,0,0
124,276,2,2,2025-04-18,38800.0,13,1.5,Direct-Standing-Order,Normal,0.0,0,0
125,35,5,1,2023-07-10,51900.0,5,1.4,Cash-MobileMoney,Normal,0.0,0,1
126,96,2,2,2024-07-26,46700.0,13,1.5,Check-Off,Normal,0.0,0,0
127,16,12,1,2026-06-06,388200.0,47,1.1,Cash-MobileMoney,Normal,371680.86,0,1
128,321,8,3,2024-05-04,18500.0,5,1.6,Check-Off,Normal,0.0,0,0
129,351,9,2,2022-10-10,14400.0,3,1.7,Direct-Standing-Order,Normal,0.0,0,0
130,336,12,1,2022-11-20,228800.0,48,1.1,Check-Off,Normal,14299.85,0,1
131,312,9,1,2024-02-19,7600.0,4,1.7,Cash-MobileMoney,Normal,0.0,0,0
132,267,1,3,2025-10-20,88400.0,1,1.0,Check-Off,Normal,0.0,0,0
133,21,7,2,2024-11-23,483200.0,37,1.2,Check-Off,Normal,208951.34,0,1
134,333,11,2,2026-06-20,1133900.0,47,1.1,Check-Off,Normal,1085648.94,0,1
135,262,8,2,2022-11-24,17900.0,6,1.6,Check-Off,Doubtful,6247.5,68,0
136,253,3,3,2025-04-20,43300.0,13,1.3,Direct-Standing-Order,Normal,0.0,0,0
137,166,5,1,2024-02-16,46700.0,3,1.4,Check-Off,Substandard,23124.44,45,1
138,270,8,2,2025-06-30,28000.0,6,1.6,Cash-MobileMoney,Normal,0.0,0,0
139,100,1,1,2022-02-19,64400.0,2,1.0,Check-Off,Normal,0.0,0,0
140,213,5,2,2023-11-15,35800.0,4,1.4,Cash-MobileMoney,Doubtful,21336.61,76,0
141,243,9,1,2025-08-15,10700.0,2,1.7,Check-Off,Normal,0.0,0,0
142,172,6,2,2026-07-26,37500.0,12,1.3,Direct-Standing-Order,Normal,34375.0,0,0
143,290,9,2,2023-10-09,11600.0,4,1.7,Check-Off,Normal,0.0,0,0
144,144,10,2,2023-11-26,33200.0,6,1.5,Check-Off,Normal,0.02,0,0
145,17,3,1,2022-06-27,71400.0,12,1.3,Direct-Standing-Order,Normal,0.0,0,0
146,269,4,2,2025-01-29,117700.0,23,1.2,Direct-Standing-Order,Normal,20469.59,0,0
147,344,1,1,2025-09-01,31000.0,1,1.0,Check-Off,Normal,0.0,0,0
148,264,1,1,2025-01-16,57200.0,2,1.0,Check-Off,Normal,0.0,0,0
149,294,3,1,2022-09-25,52900.0,12,1.3,Direct-Standing-Order,Normal,0.04,0,0
150,160,4,1,2023-02-10,116200.0,25,1.2,Cash-MobileMoney,Normal,0.0,0,0
151,294,10,1,2022-12-23,31800.0,7,1.5,Direct-Standing-Order,Normal,0.0,0,0
152,316,8,1,2024-11-11,21400.0,5,1.6,Direct-Standing-Order,Normal,0.0,0,0
153,177,13,3,2025-04-08,325200.0,59,1.1,Direct-Standing-Order,Normal,237010.24,0,1
154,214,2,3,2025-10-04,11000.0,11,1.5,Direct-Standing-Order,Substandard,3000.0,58,0
155,256,10,3,2023-04-30,27600.0,7,1.5,Check-Off,Normal,0.0,0,0
156,73,9,3,2024-12-14,10400.0,3,1.7,Direct-Standing-Order,Normal,0.0,0,0
157,343,1,3,2026-07-09,10000.0,3,1.0,Check-Off,Normal,6666.67,0,0
158,241,6,1,2024-08-18,30700.0,13,1.3,Direct-Standing-Order,Normal,0.0,0,0
159,43,1,3,2026-03-10,28900.0,2,1.0,Check-Off,Normal,0.0,0,0
160,58,8,2,2025-04-26,7100.0,7,1.6,Direct-Standing-Order,Normal,0.0,0,0
161,75,8,2,2023-03-10,23300.0,6,1.6,Check-Off,Normal,0.02,0,0
162,136,9,3,2022-08-26,5000.0,2,1.7,Check-Off,Normal,0.0,0,0
163,273,3,1,2025-10-31,37300.0,13,1.3,Direct-Standing-Order,Normal,8607.7,0,0
164,222,8,2,2026-02-14,12000.0,6,1.6,Check-Off,Normal,0.0,0,0
165,100,6,1,2025-10-19,39800.0,13,1.3,Check-Off,Normal,9184.6,0,0
166,95,10,2,2026-08-28,16400.0,5,1.5,Direct-Standing-Order,Normal,16400.0,0,0
167,39,8,3,2023-07-21,21700.0,6,1.6,Check-Off,Normal,0.0,0,0
168,133,12,2,2024-01-15,937100.0,47,1.1,Direct-Standing-Order,Normal,319012.7,0,1
169,247,1,1,2025-04-21,36700.0,2,1.0,Check-Off,Normal,0.0,0,0
170,332,1,1,2024-12-30,12600.0,2,1.0,Check-Off,Normal,0.0,0,0
171,91,7,2,2024-02-26,136000.0,37,1.2,Cash-MobileMoney,Normal,25729.6,0,1
172,317,1,1,2025-12-07,17400.0,3,1.0,Direct-Standing-Order,Normal,0.0,0,0
173,33,9,3,2024-05-22,16600.0,3,1.7,Cash-MobileMoney,Normal,0.01,0,0
174,71,4,3,2023-10-31,93000.0,23,1.2,Check-Off,Normal,0.0,0,0
175,260,2,2,2026-04-27,34700.0,13,1.5,Direct-Standing-Order,Doubtful,31262.18,65,0
176,228,8,1,2023-10-30,8400.0,6,1.6,Check-Off,Normal,0.0,0,0
177,113,1,3,2025-04-13,10200.0,2,1.0,Check-Off,Normal,0.0,0,0
178,92,5,1,2022-10-07,44600.0,4,1.4,Cash-MobileMoney,Normal,0.0,0,1
179,88,9,1,2023-11-04,12900.0,3,1.7,Cash-MobileMoney,Normal,0.0,0,0
180,118,1,1,2026-06-17,51500.0,3,1.0,Cash-MobileMoney,Normal,17166.66,0,0
181,143,1,1,2024-05-26,87900.0,3,1.0,Direct-Standing-Order,Normal,0.0,0,0
182,294,10,1,2024-09-04,6800.0,5,1.5,Direct-Standing-Order,Normal,0.0,0,0
183,124,1,3,2026-03-23,70900.0,1,1.0,Direct-Standing-Order,Normal,0.0,0,0
184,184,4,2,2025-08-19,12200.0,23,1.2,Cash-MobileMoney,Normal,5834.84,0,0
185,198,10,1,2023-11-13,6500.0,7,1.5,Check-Off,Normal,0.01,0,0
186,29,6,1,2025-10-13,36100.0,12,1.3,Direct-Standing-Order,Normal,6016.7,0,0
187,245,9,2,2026-04-22,17700.0,4,1.7,Cash-MobileMoney,Normal,0.0,0,0
188,217,3,3,2023-07-12,34200.0,12,1.3,Direct-Standing-Order,Normal,0.0,0,0
189,235,1,3,2024-11-05,32400.0,1,1.0,Cash-MobileMoney,Normal,0.0,0,0
190,142,1,3,2022-11-20,19300.0,2,1.0,Check-Off,Normal,0.0,0,0
191,350,7,1,2022-09-28,206000.0,36,1.2,Direct-Standing-Order,Normal,0.08,0,1
192,106,8,2,2022-03-13,11600.0,7,1.6,Check-Off,Normal,0.02,0,0
193,235,11,3,2023-07-13,1461200.0,47,1.1,Direct-Standing-Order,Normal,310893.68,0,1
194,177,5,3,2024-07-01,9800.0,5,1.4,Cash-MobileMoney,Normal,0.0,0,0
195,218,9,3,2024-04-28,17000.0,2,1.7,Check-Off,Normal,0.0,0,0
196,269,13,2,2024-05-06,390300.0,61,1.1,Direct-Standing-Order,Normal,217544.28,0,1
197,290,5,2,2023-06-13,42700.0,5,1.4,Cash-MobileMoney,Normal,0.0,0,1
198,84,1,1,2026-08-24,65400.0,2,1.0,Cash-MobileMoney,Normal,65400.0,0,0
199,25,3,1,2024-12-20,75500.0,13,1.3,Direct-Standing-Order,Normal,0.03,0,0
200,7,1,3,2023-07-31,79000.0,2,1.0,Direct-Standing-Order,Normal,0.0,0,0
201,112,2,3,2023-03-29,40800.0,11,1.5,Check-Off,Normal,0.01,0,0
202,186,1,1,2025-11-12,54700.0,3,1.0,Cash-MobileMoney,Substandard,30017.28,47,0
203,58,1,2,2026-05-06,76900.0,2,1.0,Check-Off,Normal,0.0,0,0
204,263,8,2,2024-08-18,27500.0,5,1.6,Check-Off,Normal,0.0,0,0
205,95,8,2,2026-08-17,6900.0,5,1.6,Cash-MobileMoney,Normal,6900.0,0,0
206,143,12,1,2023-12-14,405100.0,48,1.1,Direct-Standing-Order,Normal,135033.44,0,1
207,160,8,1,2024-06-28,18000.0,5,1.6,Direct-Standing-Order,Normal,0.0,0,0
208,92,1,1,2025-10-12,68800.0,2,1.0,Direct-Standing-Order,Normal,0.0,0,0
209,62,2,3,2024-03-31,31600.0,13,1.5,Direct-Standing-Order,Normal,0.0,0,0
210,330,12,2,2024-07-30,1366700.0,48,1.1,Cash-MobileMoney,Normal,654877.0,0,1
211,221,10,3,2022-09-01,25300.0,6,1.5,Cash-MobileMoney,Normal,0.0,0,0
212,69,4,2,2024-04-20,117000.0,24,1.2,Direct-Standing-Order,Normal,0.0,0,0
213,29,8,1,2023-05-23,20500.0,5,1.6,Direct-Standing-Order,Normal,0.0,0,0
214,291,6,2,2024-05-12,5700.0,12,1.3,Check-Off,Normal,0.0,0,0
215,340,7,2,2024-11-05,231000.0,36,1.2,Cash-MobileMoney,Normal,96249.93,0,1
216,33,8,3,2024-04-24,25200.0,6,1.6,Cash-MobileMoney,Normal,0.0,0,0
217,249,9,3,2022-04-24,7700.0,2,1.7,Direct-Standing-Order,Normal,0.0,0,0
218,187,8,3,2022-07-04,28500.0,6,1.6,Cash-MobileMoney,Loss,16138.61,149,0
219,58,4,2,2024-05-17,105600.0,24,1.2,Cash-MobileMoney,Normal,0.0,0,0
220,47,12,1,2026-03-30,665100.0,47,1.1,Direct-Standing-Order,Doubtful,622128.76,64,1
221,181,5,3,2026-02-02,45600.0,5,1.4,Direct-Standing-Order,Loss,30754.96,120,1
222,293,2,1,2023-01-29,34100.0,13,1.5,Cash-MobileMoney,Normal,0.0,0,0
223,233,9,1,2024-10-09,6000.0,2,1.7,Check-Off,Normal,0.0,0,0
224,137,3,1,2024-10-09,19100.0,12,1.3,Cash-MobileMoney,Normal,0.0,0,0
225,235,1,3,2025-04-14,87800.0,1,1.0,Cash-MobileMoney,Normal,0.0,0,0
226,109,9,2,2025-12-21,15200.0,3,1.7,Check-Off,Normal,0.0,0,0
227,287,1,1,2025-09-18,21100.0,2,1.0,Direct-Standing-Order,Normal,0.0,0,0
228,46,4,3,2024-12-22,29900.0,24,1.2,Check-Off,Normal,4983.4,0,0
229,77,1,1,2024-07-12,49700.0,1,1.0,Direct-Standing-Order,Normal,0.0,0,0
230,60,13,1,2024-10-10,248700.0,59,1.1,Cash-MobileMoney,Normal,155964.5,0,1
231,42,6,3,2025-12-20,21800.0,13,1.3,Cash-MobileMoney,Normal,8384.64,0,0
232,205,3,2,2026-05-22,16200.0,12,1.3,Cash-MobileMoney,Substandard,14172.63,40,0
233,189,6,1,2024-09-29,36000.0,12,1.3,Direct-Standing-Order,Normal,0.0,0,0
234,270,8,2,2024-12-10,10800.0,5,1.6,Direct-Standing-Order,Normal,0.0,0,0
235,268,5,3,2026-08-09,35300.0,3,1.4,Cash-MobileMoney,Normal,35300.0,0,0
236,263,1,2,2024-05-20,14000.0,2,1.0,Cash-MobileMoney,Normal,0.0,0,0
237,131,8,2,2026-04-24,3400.0,7,1.6,Cash-MobileMoney,Normal,1457.16,0,0
238,153,4,2,2026-01-22,116000.0,24,1.2,Check-Off,Normal,82166.69,0,0
239,345,1,3,2026-02-13,5600.0,1,1.0,Direct-Standing-Order,Normal,0.0,0,0
240,245,6,2,2024-05-11,38800.0,13,1.3,Cash-MobileMoney,Normal,0.0,0,0
241,333,2,2,2023-05-11,42900.0,12,1.5,Direct-Standing-Order,Normal,0.0,0,0
242,292,9,3,2025-10-02,8000.0,2,1.7,Direct-Standing-Order,Normal,0.0,0,0
243,213,10,2,2026-02-18,31800.0,7,1.5,Direct-Standing-Order,Substandard,13628.56,44,0
244,214,10,3,2022-08-28,33000.0,6,1.5,Cash-MobileMoney,Normal,0.0,0,0
245,301,11,2,2025-10-24,1309500.0,49,1.1,Cash-MobileMoney,Loss,1141950.96,129,1
246,288,2,1,2023-06-13,40300.0,12,1.5,Check-Off,Normal,0.04,0,0
247,313,8,2,2024-05-13,4100.0,7,1.6,Check-Off,Normal,0.03,0,0
248,51,2,3,2024-01-15,41900.0,12,1.5,Direct-Standing-Order,Normal,0.0,0,0
249,6,9,2,2025-05-07,3500.0,2,1.7,Direct-Standing-Order,Normal,0.0,0,0
250,32,5,1,2022-10-03,55700.0,5,1.4,Direct-Standing-Order,Normal,0.0,0,1
251,156,9,3,2023-10-05,2100.0,3,1.7,Direct-Standing-Order,Normal,0.0,0,0
252,106,10,2,2025-07-02,34300.0,7,1.5,Check-Off,Normal,0.0,0,0
253,65,7,2,2025-01-12,146200.0,36,1.2,Check-Off,Normal,69038.91,0,1
254,120,5,1,2023-08-06,48200.0,5,1.4,Check-Off,Normal,0.0,0,1
255,211,1,3,2022-05-08,89400.0,2,1.0,Direct-Standing-Order,Normal,0.0,0,0
256,270,5,2,2025-02-18,47800.0,5,1.4,Cash-MobileMoney,Normal,0.0,0,1
257,235,1,3,2026-08-09,87000.0,3,1.0,Direct-Standing-Order,Normal,87000.0,0,0
258,109,6,2,2022-03-08,10500.0,13,1.3,Check-Off,Normal,0.03,0,0
259,25,12,1,2023-09-17,509600.0,48,1.1,Cash-MobileMoney,Normal,138016.55,0,1
260,296,9,1,2026-04-11,5400.0,4,1.7,Direct-Standing-Order,Normal,0.0,0,0
261,126,9,2,2025-12-22,3500.0,3,1.7,Direct-Standing-Order,Normal,0.0,0,0
262,175,5,2,2025-02-28,52300.0,3,1.4,Check-Off,Substandard,34866.67,33,1
263,93,1,1,2022-04-30,42000.0,2,1.0,Direct-Standing-Order,Normal,0.0,0,0
264,193,12,1,2022-09-05,484900.0,47,1.1,Check-Off,Normal,0.06,0,1
265,72,9,1,2023-07-27,5800.0,3,1.7,Direct-Standing-Order,Normal,0.01,0,0
266,232,3,1,2025-09-18,33900.0,12,1.3,Direct-Standing-Order,Normal,2825.0,0,0
267,333,8,2,2025-01-08,27100.0,5,1.6,Check-Off,Normal,0.0,0,0
268,5,1,2,2026-06-21,47200.0,1,1.0,Direct-Standing-Order,Normal,0.0,0,0
269,349,11,2,2024-01-03,317000.0,47,1.1,Cash-MobileMoney,Normal,107914.92,0,1
270,233,1,1,2024-05-24,68900.0,3,1.0,Check-Off,Normal,0.0,0,0
271,63,8,3,2026-04-28,12800.0,6,1.6,Cash-MobileMoney,Normal,4266.68,0,0
272,3,5,1,2026-03-20,53400.0,3,1.4,Cash-MobileMoney,Normal,0.0,0,1
273,321,8,3,2022-02-27,14700.0,6,1.6,Check-Off,Normal,0.0,0,0
274,171,6,2,2023-04-30,32200.0,11,1.3,Cash-MobileMoney,Normal,0.03,0,0
275,313,8,2,2024-02-29,21300.0,5,1.6,Check-Off,Doubtful,10086.23,64,0
276,56,1,2,2025-05-03,11400.0,3,1.0,Check-Off,Normal,0.0,0,0
277,216,6,3,2025-06-25,11500.0,12,1.3,Check-Off,Normal,0.04,0,0
278,297,8,2,2023-11-19,11100.0,7,1.6,Direct-Standing-Order,Normal,0.03,0,0
279,324,8,1,2026-04-17,4200.0,6,1.6,Check-Off,Normal,1400.0,0,0
280,284,3,2,2025-02-01,22300.0,11,1.3,Direct-Standing-Order,Loss,14063.84,244,0
281,323,9,1,2026-08-17,17300.0,2,1.7,Cash-MobileMoney,Normal,17300.0,0,0
282,251,2,2,2026-07-08,40600.0,12,1.5,Cash-MobileMoney,Normal,37216.67,0,0
283,199,9,1,2025-08-14,8700.0,4,1.7,Direct-Standing-Order,Normal,0.0,0,0
284,243,3,1,2024-04-01,74500.0,13,1.3,Check-Off,Normal,0.0,0,0
285,184,11,2,2023-08-27,866600.0,49,1.1,Cash-MobileMoney,Normal,229914.44,0,1
286,108,5,2,2025-04-28,25600.0,3,1.4,Check-Off,Substandard,17066.67,33,0
287,291,9,2,2022-10-12,19600.0,2,1.7,Cash-MobileMoney,Normal,0.0,0,0
288,312,8,1,2024-03-11,8500.0,6,1.6,Direct-Standing-Order,Normal,0.0,0,0
289,54,8,2,2022-12-30,25300.0,5,1.6,Cash-MobileMoney,Loss,20240.0,92,0
290,36,5,1,2023-02-27,52900.0,3,1.4,Direct-Standing-Order,Normal,0.01,0,1
291,235,3,3,2022-09-12,41200.0,11,1.3,Cash-MobileMoney,Normal,0.05,0,0
292,153,5,2,2026-08-14,27800.0,3,1.4,Check-Off,Normal,27800.0,0,0
293,317,9,1,2024-07-26,18400.0,3,1.7,Direct-Standing-Order,Normal,0.01,0,0
294,81,3,2,2025-07-10,30400.0,13,1.3,Cash-MobileMoney,Normal,0.02,0,0
295,237,1,1,2025-08-01,69200.0,3,1.0,Direct-Standing-Order,Normal,0.0,0,0
296,59,9,1,2022-10-07,14100.0,3,1.7,Check-Off,Normal,0.0,0,0
297,225,2,3,2026-08-08,42900.0,12,1.5,Check-Off,Normal,42900.0,0,0
298,10,8,1,2022-12-29,6400.0,6,1.6,Check-Off,Normal,0.0,0,0
299,227,8,3,2026-06-06,24900.0,7,1.6,Cash-MobileMoney,Normal,17785.72,0,0
300,200,8,1,2024-06-28,19200.0,5,1.6,Check-Off,Normal,0.0,0,0
301,8,4,1,2026-07-15,103700.0,25,1.2,Check-Off,Normal,99552.0,0,0
302,341,2,1,2022-12-09,23700.0,11,1.5,Direct-Standing-Order,Normal,0.0,0,0
303,200,2,1,2023-03-27,34600.0,11,1.5,Check-Off,Normal,0.05,0,0
304,167,13,2,2025-11-27,355100.0,60,1.1,Cash-MobileMoney,Normal,301835.03,0,1
305,301,9,2,2024-11-24,2400.0,2,1.7,Cash-MobileMoney,Normal,0.0,0,0
306,220,9,2,2025-06-23,3100.0,2,1.7,Direct-Standing-Order,Normal,0.0,0,0
307,105,8,2,2023-05-03,19100.0,7,1.6,Direct-Standing-Order,Normal,0.01,0,0
308,148,9,3,2023-04-15,8000.0,4,1.7,Direct-Standing-Order,Normal,0.0,0,0
309,114,8,1,2025-07-31,11700.0,7,1.6,Direct-Standing-Order,Doubtful,4419.7,62,0
310,326,2,1,2026-05-20,8600.0,12,1.5,Cash-MobileMoney,Normal,6449.99,0,0
311,222,9,2,2025-03-03,15700.0,2,1.7,Check-Off,Normal,0.0,0,0
312,154,8,1,2022-11-09,22600.0,7,1.6,Direct-Standing-Order,Normal,0.01,0,0
313,98,1,3,2024-10-22,73900.0,3,1.0,Check-Off,Normal,0.01,0,0
314,251,4,2,2026-08-09,67200.0,23,1.2,Check-Off,Normal,67200.0,0,0
315,64,5,1,2025-03-04,15700.0,3,1.4,Check-Off,Substandard,10466.67,57,0
316,341,8,1,2023-06-20,15300.0,7,1.6,Cash-MobileMoney,Substandard,4371.45,42,0
317,155,6,1,2026-08-09,36000.0,13,1.3,Direct-Standing-Order,Normal,36000.0,0,0
318,211,9,3,2026-01-30,4000.0,2,1.7,Direct-Standing-Order,Normal,0.0,0,0
319,138,9,1,2026-03-13,14600.0,3,1.7,Check-Off,Normal,0.0,0,0
320,214,7,3,2025-09-02,379900.0,36,1.2,Direct-Standing-Order,Normal,263819.42,0,1
321,326,2,1,2023-08-24,22000.0,11,1.5,Check-Off,Normal,0.0,0,0
322,243,9,1,2025-05-22,8100.0,3,1.7,Check-Off,Normal,0.0,0,0
323,205,5,2,2026-04-05,53000.0,4,1.4,Cash-MobileMoney,Substandard,21998.53,57,1
324,167,8,2,2023-04-24,16100.0,7,1.6,Cash-MobileMoney,Normal,0.0,0,0
325,198,4,1,2023-02-04,30000.0,25,1.2,Check-Off,Normal,0.0,0,0
326,244,12,2,2024-06-06,357900.0,49,1.1,Check-Off,Normal,167993.92,0,1
327,98,10,3,2024-05-17,39700.0,6,1.5,Check-Off,Normal,0.0,0,0
328,152,10,3,2024-10-20,25500.0,7,1.5,Cash-MobileMoney,Normal,0.0,0,0
329,12,7,1,2023-11-23,355100.0,36,1.2,Cash-MobileMoney,Normal,29591.63,0,1
330,304,5,1,2024-06-15,44700.0,5,1.4,Check-Off,Doubtful,19070.2,76,1
331,12,8,1,2025-03-18,10400.0,6,1.6,Check-Off,Normal,0.02,0,0
332,33,9,3,2026-06-17,5300.0,4,1.7,Cash-MobileMoney,Normal,2650.0,0,0
333,300,7,1,2026-08-04,105800.0,37,1.2,Cash-MobileMoney,Normal,105800.0,0,1
334,93,1,1,2024-07-04,16700.0,2,1.0,Direct-Standing-Order,Normal,0.0,0,0
335,288,3,1,2026-03-23,15900.0,11,1.3,Check-Off,Normal,8672.75,0,0
336,24,12,3,2025-05-16,1352400.0,48,1.1,Direct-Standing-Order,Normal,929775.0,0,1
337,39,7,3,2023-06-18,342400.0,36,1.2,Check-Off,Normal,0.04,0,1
338,302,9,1,2026-02-02,11500.0,2,1.7,Cash-MobileMoney,Normal,0.0,0,0
339,312,1,1,2022-04-09,35200.0,1,1.0,Cash-MobileMoney,Normal,0.0,0,0
340,348,13,1,2024-12-24,317600.0,61,1.1,Cash-MobileMoney,Normal,213468.8,0,1
341,157,5,2,2023-10-03,39900.0,3,1.4,Direct-Standing-Order,Normal,0.0,0,0
342,147,7,2,2024-10-06,483000.0,35,1.2,Direct-Standing-Order,Normal,179400.0,0,1
343,188,10,3,2024-11-18,47900.0,6,1.5,Check-Off,Normal,0.02,0,1
344,110,1,3,2025-07-16,42400.0,3,1.0,Direct-Standing-Order,Normal,0.01,0,0
345,238,10,1,2024-09-26,21000.0,5,1.5,Cash-MobileMoney,Normal,0.0,0,0
346,44,7,3,2025-05-10,105700.0,36,1.2,Check-Off,Loss,70550.0,113,1
347,200,1,1,2022-08-09,17000.0,1,1.0,Check-Off,Normal,0.0,0,0
348,27,8,1,2023-12-02,29400.0,6,1.6,Cash-MobileMoney,Normal,0.0,0,0
349,128,3,3,2023-09-09,79600.0,12,1.3,Direct-Standing-Order,Normal,0.04,0,0
350,75,5,2,2025-10-12,10000.0,3,1.4,Check-Off,Normal,0.01,0,0
351,173,5,3,2022-10-02,28500.0,5,1.4,Check-Off,Doubtful,14014.84,88,0
352,186,9,1,2026-04-12,12900.0,4,1.7,Check-Off,Normal,0.0,0,0
353,309,1,1,2025-04-16,82700.0,3,1.0,Check-Off,Normal,0.0,0,0
354,155,9,1,2026-06-27,15000.0,4,1.7,Check-Off,Normal,7500.0,0,0
355,130,10,2,2026-08-20,45300.0,6,1.5,Check-Off,Normal,45300.0,0,1
356,258,9,2,2022-12-08,6900.0,4,1.7,Cash-MobileMoney,Doubtful,2768.64,81,0
357,269,3,2,2026-07-20,30700.0,11,1.3,Direct-Standing-Order,Normal,27909.09,0,0
358,115,1,3,2023-05-03,8700.0,2,1.0,Direct-Standing-Order,Normal,0.0,0,0
359,139,10,1,2022-04-16,49100.0,7,1.5,Cash-MobileMoney,Loss,33389.81,167,1
360,310,7,2,2026-07-31,149300.0,36,1.2,Direct-Standing-Order,Normal,145152.78,0,1
361,223,5,1,2024-09-08,32300.0,3,1.4,Direct-Standing-Order,Normal,0.0,0,0
362,93,8,1,2022-02-13,7400.0,6,1.6,Direct-Standing-Order,Normal,0.02,0,0
363,52,9,2,2022-10-09,15500.0,4,1.7,Check-Off,Normal,0.0,0,0
364,55,7,1,2025-05-09,88200.0,37,1.2,Direct-Standing-Order,Normal,52443.3,0,1
365,336,3,1,2025-11-02,58100.0,12,1.3,Check-Off,Normal,14524.97,0,0
366,44,10,3,2026-08-15,13000.0,5,1.5,Check-Off,Normal,13000.0,0,0
367,308,2,1,2025-12-05,45200.0,11,1.5,Cash-MobileMoney,Normal,12327.28,0,0
368,2,10,1,2022-11-01,11600.0,7,1.5,Check-Off,Normal,0.02,0,0
369,166,13,1,2023-01-08,208700.0,60,1.1,Check-Off,Normal,59131.81,0,1
370,298,1,3,2024-07-23,19000.0,1,1.0,Direct-Standing-Order,Normal,0.0,0,0
371,7,8,3,2026-07-25,7000.0,6,1.6,Direct-Standing-Order,Normal,5833.33,0,0
372,271,8,3,2024-12-19,14100.0,6,1.6,Check-Off,Normal,0.0,0,0
373,6,5,2,2025-01-31,57200.0,5,1.4,Direct-Standing-Order,Normal,0.0,0,1
374,65,9,2,2024-03-31,3000.0,4,1.7,Check-Off,Normal,0.0,0,0
375,245,4,2,2025-09-08,125800.0,24,1.2,Direct-Standing-Order,Normal,68141.63,0,0
376,97,7,3,2025-07-31,158200.0,35,1.2,Direct-Standing-Order,Normal,99440.0,0,1
377,258,9,2,2022-11-04,12600.0,2,1.7,Check-Off,Normal,0.0,0,0
378,149,2,2,2025-10-29,8500.0,12,1.5,Cash-MobileMoney,Normal,1416.7,0,0
379,175,5,2,2023-07-28,21000.0,4,1.4,Check-Off,Normal,0.0,0,0
380,79,8,2,2024-10-15,24700.0,5,1.6,Check-Off,Normal,0.0,0,0
381,161,2,1,2024-05-17,8100.0,11,1.5,Check-Off,Normal,0.04,0,0
382,187,10,3,2024-04-01,43600.0,6,1.5,Cash-MobileMoney,Loss,19457.15,91,1
383,239,1,2,2023-01-05,15300.0,3,1.0,Cash-MobileMoney,Normal,0.0,0,0
384,176,13,2,2024-09-22,366000.0,59,1.1,Check-Off,Normal,223322.03,0,1
385,220,5,2,2026-03-23,14000.0,4,1.4,Direct-Standing-Order,Normal,0.0,0,0
386,182,11,3,2025-03-14,1269900.0,48,1.1,Direct-Standing-Order,Normal,820143.75,0,1
387,297,1,2,2023-03-24,98000.0,3,1.0,Direct-Standing-Order,Normal,0.0,0,0
388,98,13,3,2025-03-27,216600.0,59,1.1,Check-Off,Normal,154189.77,0,1
389,146,9,1,2026-02-25,16500.0,2,1.7,Direct-Standing-Order,Normal,0.0,0,0
390,211,1,3,2026-03-16,93100.0,3,1.0,Direct-Standing-Order,Normal,0.01,0,0
391,109,2,2,2024-07-20,22100.0,13,1.5,Check-Off,Normal,0.0,0,0
392,213,8,2,2022-01-09,3900.0,6,1.6,Check-Off,Normal,0.0,0,0
393,221,3,3,2024-03-12,53100.0,11,1.3,Direct-Standing-Order,Loss,17851.85,108,0
394,279,11,1,2023-09-10,697100.0,49,1.1,Check-Off,Loss,266625.07,143,1
395,79,2,2,2024-01-18,45400.0,11,1.5,Check-Off,Loss,27907.78,257,0
396,38,2,2,2024-12-10,11500.0,12,1.5,Direct-Standing-Order,Normal,0.04,0,0
397,330,9,2,2025-10-23,18400.0,2,1.7,Check-Off,Normal,0.0,0,0
398,274,11,1,2026-04-21,1038200.0,48,1.1,Check-Off,Substandard,985280.6,41,1
399,115,1,3,2022-01-22,15000.0,1,1.0,Direct-Standing-Order,Normal,0.0,0,0
400,224,2,1,2022-06-30,37600.0,11,1.5,Check-Off,Normal,0.02,0,0
401,88,11,1,2025-11-17,355900.0,48,1.1,Direct-Standing-Order,Normal,289168.78,0,1
402,48,3,1,2025-09-30,15800.0,13,1.3,Check-Off,Normal,2430.82,0,0
403,303,9,1,2025-12-28,15700.0,3,1.7,Direct-Standing-Order,Normal,0.01,0,0
404,113,11,3,2024-02-29,1328200.0,48,1.1,Check-Off,Normal,498075.1,0,1
405,331,3,2,2022-08-16,18100.0,11,1.3,Direct-Standing-Order,Normal,0.05,0,0
406,88,9,1,2024-07-22,7200.0,4,1.7,Direct-Standing-Order,Normal,0.0,0,0
407,157,10,2,2025-11-09,12700.0,5,1.5,Cash-MobileMoney,Normal,0.0,0,0
408,251,10,2,2026-08-02,7000.0,5,1.5,Check-Off,Normal,7000.0,0,0
409,349,13,2,2023-04-13,276400.0,61,1.1,Cash-MobileMoney,Normal,95154.0,0,1
410,142,4,3,2022-04-15,82800.0,25,1.2,Check-Off,Normal,0.0,0,0
411,146,9,1,2026-06-08,19300.0,4,1.7,Direct-Standing-Order,Normal,9650.0,0,0
412,74,13,3,2024-05-29,313400.0,60,1.1,Check-Off,Normal,172370.09,0,1
413,184,6,2,2024-05-25,19700.0,12,1.3,Direct-Standing-Order,Doubtful,4924.97,67,0
414,28,1,1,2024-10-29,15200.0,3,1.0,Direct-Standing-Order,Normal,0.0,0,0
415,63,9,3,2026-06-20,15300.0,4,1.7,Direct-Standing-Order,Normal,7650.0,0,0
416,254,1,2,2025-10-15,86000.0,3,1.0,Check-Off,Normal,0.0,0,0
417,103,1,1,2022-07-25,62400.0,1,1.0,Direct-Standing-Order,Normal,0.0,0,0
418,105,1,2,2022-02-20,47200.0,3,1.0,Check-Off,Normal,0.01,0,0
419,280,3,2,2026-03-12,40700.0,13,1.3,Check-Off,Normal,25046.15,0,0
420,280,2,2,2025-06-14,18000.0,12,1.5,Check-Off,Normal,0.0,0,0
421,22,11,1,2024-08-01,808300.0,47,1.1,Cash-MobileMoney,Normal,395551.12,0,1
422,216,11,3,2022-05-07,525600.0,49,1.1,Check-Off,Normal,0.03,0,1
423,149,11,2,2023-05-30,1114300.0,48,1.1,Direct-Standing-Order,Normal,208931.38,0,1
424,180,5,2,2023-09-14,6200.0,3,1.4,Check-Off,Normal,0.0,0,0
425,350,8,1,2022-02-07,16000.0,7,1.6,Direct-Standing-Order,Normal,0.03,0,0
426,181,2,3,2024-06-13,15700.0,11,1.5,Direct-Standing-Order,Loss,5709.11,107,0
427,113,5,3,2023-09-12,47900.0,4,1.4,Check-Off,Normal,0.0,0,1
428,319,6,3,2024-02-01,36900.0,11,1.3,Cash-MobileMoney,Normal,0.0,0,0
429,18,3,1,2026-08-16,31000.0,12,1.3,Cash-MobileMoney,Normal,31000.0,0,0
430,31,3,2,2025-06-02,44700.0,12,1.3,Cash-MobileMoney,Normal,0.0,0,0
431,303,2,1,2023-04-07,37700.0,12,1.5,Cash-MobileMoney,Normal,0.0,0,0
432,266,3,1,2024-02-20,62200.0,12,1.3,Direct-Standing-Order,Loss,46241.46,314,0
433,66,2,1,2022-12-24,44200.0,11,1.5,Cash-MobileMoney,Loss,35905.23,279,0
434,349,5,2,2025-08-07,53200.0,4,1.4,Direct-Standing-Order,Normal,0.0,0,1
435,23,4,1,2022-11-04,13600.0,25,1.2,Check-Off,Normal,0.0,0,0
436,138,2,1,2025-03-24,46000.0,12,1.5,Check-Off,Normal,0.04,0,0
437,248,8,1,2024-07-08,9200.0,6,1.6,Check-Off,Normal,0.02,0,0
438,147,5,2,2022-08-30,27500.0,3,1.4,Direct-Standing-Order,Normal,0.0,0,0
439,93,10,1,2022-02-01,10400.0,5,1.5,Direct-Standing-Order,Normal,0.0,0,0
440,38,1,2,2025-10-29,90900.0,2,1.0,Direct-Standing-Order,Normal,0.0,0,0
441,151,1,2,2026-01-17,62800.0,3,1.0,Check-Off,Normal,0.01,0,0
442,210,8,1,2025-11-29,23500.0,6,1.6,Check-Off,Normal,0.0,0,0
443,346,8,3,2024-02-16,14800.0,6,1.6,Direct-Standing-Order,Normal,0.0,0,0
444,297,6,2,2024-05-23,16300.0,12,1.3,Direct-Standing-Order,Loss,10267.37,250,0
445,21,12,2,2025-01-10,1618100.0,49,1.1,Check-Off,Normal,990673.45,0,1
446,142,6,3,2026-03-07,28500.0,13,1.3,Check-Off,Normal,17538.45,0,0
447,286,8,1,2025-07-06,28600.0,5,1.6,Cash-MobileMoney,Substandard,7576.62,55,0
448,92,1,1,2025-11-09,63300.0,2,1.0,Cash-MobileMoney,Normal,0.0,0,0
449,272,8,1,2023-09-01,25700.0,6,1.6,Cash-MobileMoney,Normal,0.02,0,0
450,148,5,3,2024-07-04,18600.0,4,1.4,Direct-Standing-Order,Normal,0.0,0,0
451,66,9,1,2024-09-17,12800.0,3,1.7,Cash-MobileMoney,Substandard,7121.9,44,0
452,158,5,1,2023-03-30,53200.0,5,1.4,Direct-Standing-Order,Normal,0.0,0,1
453,181,9,3,2025-02-06,13800.0,2,1.7,Direct-Standing-Order,Normal,0.0,0,0
454,81,10,2,2024-03-21,15300.0,7,1.5,Cash-MobileMoney,Normal,0.03,0,0
455,257,5,1,2024-09-20,13600.0,3,1.4,Check-Off,Normal,0.01,0,0
456,64,9,1,2024-02-13,9200.0,4,1.7,Check-Off,Normal,0.0,0,0
457,213,1,2,2026-03-01,62500.0,3,1.0,Direct-Standing-Order,Normal,0.01,0,0
458,160,9,1,2024-05-20,15400.0,4,1.7,Direct-Standing-Order,Normal,0.0,0,0
459,220,1,2,2024-04-12,31500.0,3,1.0,Direct-Standing-Order,Normal,0.0,0,0
460,202,12,1,2026-04-12,1457700.0,49,1.1,Check-Off,Normal,1338704.08,0,1
461,43,1,3,2026-04-03,87200.0,1,1.0,Check-Off,Normal,0.0,0,0
462,73,5,3,2024-08-27,44800.0,5,1.4,Direct-Standing-Order,Normal,0.0,0,1
463,138,8,1,2026-03-27,24500.0,7,1.6,Check-Off,Normal,7000.0,0,0
464,42,11,3,2024-05-21,300800.0,49,1.1,Direct-Standing-Order,Normal,135052.94,0,1
465,49,7,1,2023-11-09,77500.0,35,1.2,Direct-Standing-Order,Normal,4428.43,0,1
466,287,5,1,2026-04-17,31100.0,5,1.4,Direct-Standing-Order,Normal,6220.0,0,0
467,325,10,1,2026-07-09,42800.0,5,1.5,Check-Off,Normal,34240.0,0,1
468,334,5,1,2022-02-21,52000.0,4,1.4,Cash-MobileMoney,Substandard,26000.0,40,1
469,140,1,3,2023-07-18,50500.0,3,1.0,Check-Off,Normal,0.01,0,0
470,16,10,1,2026-07-25,33500.0,7,1.5,Direct-Standing-Order,Normal,28714.29,0,0
471,332,9,1,2026-07-12,2700.0,2,1.7,Check-Off,Normal,1350.0,0,0
472,79,9,2,2022-12-29,3500.0,2,1.7,Check-Off,Normal,0.0,0,0
473,32,4,1,2025-08-07,147700.0,24,1.2,Direct-Standing-Order,Normal,73849.96,0,0
474,76,9,1,2025-06-02,10000.0,2,1.7,Check-Off,Normal,0.0,0,0
475,89,8,1,2022-01-07,10400.0,6,1.6,Direct-Standing-Order,Normal,0.02,0,0
476,45,2,3,2025-04-25,48500.0,13,1.5,Cash-MobileMoney,Normal,0.0,0,0
477,92,3,1,2025-03-03,39000.0,12,1.3,Cash-MobileMoney,Loss,21846.08,240,0
478,108,3,2,2024-10-24,12200.0,12,1.3,Check-Off,Normal,0.0,0,0
479,52,2,2,2024-01-04,12300.0,12,1.5,Direct-Standing-Order,Normal,0.0,0,0
480,260,1,2,2024-05-22,95600.0,2,1.0,Direct-Standing-Order,Normal,0.0,0,0
481,306,13,1,2024-12-09,478200.0,59,1.1,Check-Off,Loss,375950.79,265,1
482,346,9,3,2024-05-19,9100.0,4,1.7,Direct-Standing-Order,Normal,0.0,0,0
483,121,5,2,2025-11-03,50300.0,5,1.4,Check-Off,Normal,0.0,0,1
484,218,2,3,2023-09-30,35400.0,12,1.5,Check-Off,Normal,0.0,0,0
485,66,8,1,2024-02-26,15300.0,7,1.6,Direct-Standing-Order,Normal,0.03,0,0
486,231,6,1,2026-08-01,29900.0,12,1.3,Check-Off,Normal,29900.0,0,0
487,187,1,3,2023-01-02,55500.0,2,1.0,Direct-Standing-Order,Normal,0.0,0,0
488,173,12,3,2026-05-18,589900.0,49,1.1,Check-Off,Normal,553783.66,0,1
489,26,10,1,2026-02-01,16400.0,6,1.5,Direct-Standing-Order,Normal,0.02,0,0
490,196,6,3,2026-01-25,16800.0,11,1.3,Check-Off,Normal,6109.11,0,0
491,60,9,1,2025-03-15,19900.0,3,1.7,Cash-MobileMoney,Normal,0.01,0,0
492,111,9,2,2026-06-04,15400.0,3,1.7,Cash-MobileMoney,Normal,5133.34,0,0
493,310,5,2,2023-01-07,20700.0,5,1.4,Check-Off,Normal,0.0,0,0
494,326,4,1,2023-03-30,12500.0,23,1.2,Check-Off,Normal,0.0,0,0
495,43,2,3,2026-07-04,18700.0,12,1.5,Check-Off,Normal,17141.67,0,0
496,240,1,1,2025-07-03,20800.0,3,1.0,Direct-Standing-Order,Normal,0.01,0,0
497,252,13,1,2025-11-26,109300.0,61,1.1,Check-Off,Normal,93173.8,0,1
498,307,3,1,2026-04-27,54100.0,12,1.3,Cash-MobileMoney,Normal,36066.68,0,0
499,116,10,2,2024-10-10,17900.0,6,1.5,Cash-MobileMoney,Loss,8797.52,110,0
500,242,8,3,2024-01-29,23100.0,5,1.6,Direct-Standing-Order,Normal,0.0,0,0
501,123,2,1,2026-08-29,19500.0,11,1.5,Direct-Standing-Order,Normal,19500.0,0,0
502,16,2,1,2026-07-23,16000.0,12,1.5,Cash-MobileMoney,Normal,14666.67,0,0
503,91,13,2,2024-10-21,100000.0,61,1.1,Cash-MobileMoney,Normal,63934.52,0,1
504,323,8,1,2026-06-21,5800.0,5,1.6,Check-Off,Normal,3480.0,0,0
505,58,9,2,2024-01-21,13800.0,3,1.7,Direct-Standing-Order,Substandard,9200.0,40,0
506,170,9,1,2025-12-03,12200.0,3,1.7,Check-Off,Normal,0.0,0,0
507,190,8,1,2026-01-01,11300.0,6,1.6,Check-Off,Normal,0.02,0,0
508,312,4,1,2024-02-26,99100.0,24,1.2,Check-Off,Normal,0.0,0,0
509,143,8,1,2026-02-01,20500.0,5,1.6,Direct-Standing-Order,Normal,0.0,0,0
510,269,10,2,2026-03-29,21400.0,5,1.5,Check-Off,Normal,0.0,0,0
511,276,10,2,2022-07-18,30500.0,6,1.5,Direct-Standing-Order,Loss,15457.45,105,0
512,302,2,1,2026-02-01,30600.0,12,1.5,Direct-Standing-Order,Normal,15300.0,0,0
513,234,13,2,2023-05-31,320600.0,60,1.1,Direct-Standing-Order,Normal,112210.13,0,1
514,207,1,3,2025-11-23,66400.0,2,1.0,Check-Off,Normal,0.0,0,0
515,104,2,1,2026-01-07,18300.0,12,1.5,Check-Off,Normal,7625.0,0,0
516,55,1,1,2024-05-09,73700.0,2,1.0,Cash-MobileMoney,Normal,0.0,0,0
517,24,9,3,2024-08-24,19300.0,4,1.7,Cash-MobileMoney,Substandard,8417.14,37,0
518,212,9,3,2024-05-01,7400.0,4,1.7,Check-Off,Loss,4374.58,91,0
519,110,2,3,2024-08-17,25700.0,11,1.5,Check-Off,Normal,0.04,0,0
520,192,1,3,2024-06-14,96200.0,1,1.0,Cash-MobileMoney,Normal,0.0,0,0
521,276,6,2,2025-06-15,27200.0,12,1.3,Cash-MobileMoney,Normal,0.0,0,0
522,142,6,3,2026-03-14,27800.0,11,1.3,Check-Off,Normal,15163.65,0,0
523,11,5,3,2023-08-25,39300.0,3,1.4,Check-Off,Substandard,13710.44,36,0
524,296,2,1,2026-07-24,14300.0,11,1.5,Direct-Standing-Order,Normal,13000.0,0,0
525,66,7,1,2022-05-22,441800.0,36,1.2,Cash-MobileMoney,Normal,0.08,0,1
526,34,5,1,2026-04-28,17600.0,4,1.4,Check-Off,Normal,0.0,0,0
527,166,1,1,2023-05-25,58600.0,1,1.0,Check-Off,Normal,0.0,0,0
528,241,9,1,2022-05-06,16400.0,4,1.7,Cash-MobileMoney,Normal,0.0,0,0
529,266,13,1,2026-02-28,131700.0,61,1.1,Direct-Standing-Order,Normal,118745.88,0,1
530,241,1,1,2022-10-23,9400.0,2,1.0,Direct-Standing-Order,Normal,0.0,0,0
531,81,1,2,2023-12-16,13800.0,1,1.0,Cash-MobileMoney,Normal,0.0,0,0
532,244,6,2,2026-01-25,20400.0,13,1.3,Direct-Standing-Order,Normal,9415.39,0,0
533,50,6,3,2026-03-14,11900.0,13,1.3,Direct-Standing-Order,Loss,10672.34,109,0
534,137,9,1,2022-09-27,9600.0,3,1.7,Cash-MobileMoney,Normal,0.0,0,0
535,102,13,2,2022-01-30,335600.0,59,1.1,Cash-MobileMoney,Normal,22752.3,0,1
536,305,12,1,2024-12-14,366600.0,48,1.1,Direct-Standing-Order,Loss,290878.41,351,1
537,124,10,3,2025-09-23,42700.0,6,1.5,Cash-MobileMoney,Normal,0.0,0,1
538,183,1,1,2024-05-02,81600.0,3,1.0,Direct-Standing-Order,Doubtful,54400.0,60,0
539,342,5,3,2025-05-17,37500.0,3,1.4,Check-Off,Normal,0.0,0,0
540,185,8,1,2026-04-01,22400.0,6,1.6,Check-Off,Normal,7466.68,0,0
541,322,9,2,2024-06-03,18300.0,4,1.7,Check-Off,Normal,0.0,0,0
542,15,9,1,2023-06-04,16700.0,3,1.7,Direct-Standing-Order,Normal,0.0,0,0
543,326,3,1,2026-06-14,24700.0,11,1.3,Check-Off,Normal,20209.1,0,0
544,206,9,1,2024-02-11,17400.0,3,1.7,Direct-Standing-Order,Normal,0.0,0,0
545,157,1,2,2026-01-18,65700.0,1,1.0,Direct-Standing-Order,Normal,0.0,0,0
546,96,9,2,2023-02-19,17400.0,3,1.7,Check-Off,Normal,0.0,0,0
547,87,4,1,2024-05-26,91500.0,23,1.2,Direct-Standing-Order,Normal,0.02,0,0
548,227,9,3,2024-10-09,4800.0,4,1.7,Cash-MobileMoney,Doubtful,3600.0,81,0
549,298,5,3,2025-11-04,19400.0,5,1.4,Cash-MobileMoney,Normal,0.0,0,0
550,277,5,1,2025-11-20,22700.0,3,1.4,Check-Off,Normal,0.0,0,0
551,260,9,2,2025-01-01,3900.0,3,1.7,Cash-MobileMoney,Doubtful,2194.42,60,0
552,255,8,1,2022-05-13,3600.0,5,1.6,Direct-Standing-Order,Normal,0.0,0,0
553,142,8,3,2026-02-19,22300.0,5,1.6,Check-Off,Normal,0.0,0,0
554,346,4,3,2023-04-22,121800.0,25,1.2,Direct-Standing-Order,Normal,0.0,0,0
555,209,5,2,2024-08-29,51600.0,3,1.4,Check-Off,Normal,0.0,0,1
556,180,13,2,2025-07-20,202900.0,59,1.1,Check-Off,Normal,158193.26,0,1
557,275,2,3,2023-12-09,44200.0,11,1.5,Direct-Standing-Order,Normal,0.02,0,0
558,62,9,3,2023-10-01,3900.0,3,1.7,Cash-MobileMoney,Normal,0.0,0,0
559,80,13,2,2023-11-22,467900.0,60,1.1,Direct-Standing-Order,Normal,210555.11,0,1
560,313,5,2,2026-08-02,47400.0,4,1.4,Check-Off,Normal,47400.0,0,1
561,301,9,2,2026-06-18,5100.0,4,1.7,Direct-Standing-Order,Normal,2550.0,0,0
562,198,2,1,2025-01-06,42100.0,11,1.5,Check-Off,Normal,0.03,0,0
563,106,8,2,2025-06-09,4200.0,5,1.6,Check-Off,Normal,0.0,0,0
564,170,13,1,2024-03-09,217300.0,59,1.1,Check-Off,Normal,110491.55,0,1
565,19,6,2,2022-08-12,13000.0,11,1.3,Check-Off,Normal,0.0,0,0
566,79,5,2,2023-05-29,24300.0,3,1.4,Check-Off,Normal,0.0,0,0
567,33,2,3,2025-07-08,20100.0,11,1.5,Cash-MobileMoney,Doubtful,4822.51,83,0
568,30,9,1,2026-08-29,4200.0,4,1.7,Check-Off,Normal,4200.0,0,0
569,322,1,2,2025-01-22,6900.0,1,1.0,Check-Off,Normal,0.0,0,0
570,293,8,1,2024-07-13,19600.0,7,1.6,Direct-Standing-Order,Normal,0.0,0,0
571,275,10,3,2023-04-04,17900.0,5,1.5,Check-Off,Normal,0.0,0,0
572,154,2,1,2024-07-30,37000.0,12,1.5,Direct-Standing-Order,Loss,12129.34,125,0
573,192,8,3,2023-03-14,6800.0,6,1.6,Direct-Standing-Order,Normal,0.02,0,0
574,283,10,1,2025-09-12,47200.0,6,1.5,Check-Off,Normal,0.0,0,1
575,102,2,2,2023-10-11,16100.0,12,1.5,Cash-MobileMoney,Normal,0.0,0,0
576,183,2,1,2024-08-11,18800.0,11,1.5,Direct-Standing-Order,Normal,0.01,0,0
577,317,5,1,2025-02-24,39600.0,5,1.4,Cash-MobileMoney,Loss,28660.96,98,0
578,300,8,1,2024-07-05,29200.0,5,1.6,Cash-MobileMoney,Normal,0.0,0,0
579,154,8,1,2022-11-03,29800.0,5,1.6,Cash-MobileMoney,Normal,0.0,0,0
580,309,13,1,2024-10-10,329800.0,59,1.1,Check-Off,Normal,206823.74,0,1
581,218,5,3,2023-12-02,56900.0,3,1.4,Check-Off,Normal,0.0,0,1
582,261,10,2,2023-07-30,41300.0,5,1.5,Direct-Standing-Order,Normal,0.0,0,1
583,72,2,1,2026-03-08,13400.0,11,1.5,Cash-MobileMoney,Normal,7309.1,0,0
584,304,10,1,2023-12-19,13300.0,6,1.5,Check-Off,Normal,0.0,0,0
585,336,10,1,2025-10-31,17700.0,6,1.5,Check-Off,Substandard,3222.68,33,0
586,154,9,1,2023-10-04,20000.0,4,1.7,Direct-Standing-Order,Normal,0.0,0,0
587,207,6,3,2026-03-17,10300.0,12,1.3,Check-Off,Normal,6008.35,0,0
588,77,5,1,2024-01-21,48500.0,4,1.4,Cash-MobileMoney,Normal,0.0,0,1
589,214,6,3,2023-09-23,10600.0,13,1.3,Cash-MobileMoney,Normal,0.06,0,0
590,168,8,1,2024-07-04,27700.0,7,1.6,Cash-MobileMoney,Normal,0.02,0,0
591,118,9,1,2025-10-07,16600.0,2,1.7,Check-Off,Normal,0.0,0,0
592,161,6,1,2023-04-03,31300.0,12,1.3,Check-Off,Loss,9834.72,118,0
593,97,12,3,2025-05-08,328700.0,49,1.1,Cash-MobileMoney,Normal,228077.6,0,1
594,56,12,2,2024-07-22,475800.0,48,1.1,Check-Off,Normal,227987.5,0,1
595,174,1,3,2024-12-20,51800.0,1,1.0,Direct-Standing-Order,Normal,0.0,0,0
596,329,9,1,2025-11-23,11900.0,2,1.7,Direct-Standing-Order,Normal,0.0,0,0
597,134,2,2,2026-08-02,35800.0,13,1.5,Check-Off,Normal,35800.0,0,0
598,330,10,2,2023-11-05,6900.0,6,1.5,Check-Off,Normal,0.0,0,0
599,10,6,1,2023-08-17,5800.0,12,1.3,Check-Off,Normal,0.04,0,0
600,319,3,3,2025-06-04,45800.0,12,1.3,Direct-Standing-Order,Substandard,5280.46,57,0
601,156,5,3,2022-04-22,39400.0,5,1.4,Direct-Standing-Order,Normal,0.0,0,0
602,171,2,2,2026-01-14,37400.0,12,1.5,Direct-Standing-Order,Normal,15583.31,0,0
603,40,8,1,2022-01-01,19700.0,5,1.6,Cash-MobileMoney,Normal,0.0,0,0
604,28,5,1,2024-05-19,45800.0,4,1.4,Direct-Standing-Order,Normal,0.0,0,1
605,105,1,2,2025-07-27,95500.0,3,1.0,Check-Off,Normal,0.01,0,0
606,121,6,2,2026-07-06,24500.0,13,1.3,Check-Off,Normal,22615.38,0,0
607,246,1,1,2025-11-17,25500.0,1,1.0,Check-Off,Normal,0.0,0,0
608,20,6,3,2026-08-28,19400.0,12,1.3,Cash-MobileMoney,Normal,19400.0,0,0
609,296,10,1,2026-05-26,48200.0,5,1.5,Cash-MobileMoney,Normal,19280.0,0,1
610,230,9,1,2025-08-24,17700.0,2,1.7,Cash-MobileMoney,Normal,0.0,0,0
611,251,9,2,2026-08-17,2900.0,4,1.7,Direct-Standing-Order,Normal,2900.0,0,0
612,307,5,1,2026-08-08,35000.0,4,1.4,Direct-Standing-Order,Normal,35000.0,0,0
613,191,9,1,2026-01-22,7800.0,2,1.7,Cash-MobileMoney,Normal,0.0,0,0
614,191,6,1,2025-10-15,10200.0,12,1.3,Cash-MobileMoney,Normal,1700.0,0,0
615,349,2,2,2022-03-29,27800.0,12,1.5,Cash-MobileMoney,Normal,0.0,0,0
616,257,7,1,2024-11-30,309000.0,35,1.2,Check-Off,Normal,123600.03,0,1
617,37,8,1,2023-09-20,23400.0,5,1.6,Direct-Standing-Order,Substandard,9360.0,40,0
618,207,1,3,2025-04-14,41800.0,2,1.0,Check-Off,Normal,0.0,0,0
619,245,8,2,2025-06-01,21300.0,5,1.6,Cash-MobileMoney,Normal,0.0,0,0
620,51,5,3,2025-04-17,53400.0,5,1.4,Cash-MobileMoney,Normal,0.0,0,1
621,324,11,1,2024-07-20,1173800.0,48,1.1,Direct-Standing-Order,Normal,562445.75,0,1
622,247,6,1,2022-05-02,32200.0,12,1.3,Check-Off,Normal,0.04,0,0
623,310,8,2,2024-06-16,12900.0,6,1.6,Cash-MobileMoney,Doubtful,6450.0,76,0
624,280,5,2,2024-03-26,8700.0,4,1.4,Check-Off,Normal,0.0,0,0
625,69,9,2,2024-04-24,8700.0,2,1.7,Direct-Standing-Order,Normal,0.0,0,0
626,5,4,2,2026-08-16,54700.0,23,1.2,Direct-Standing-Order,Normal,54700.0,0,0
627,246,9,1,2023-01-22,10500.0,4,1.7,Check-Off,Normal,0.0,0,0
628,75,8,2,2025-03-08,26300.0,5,1.6,Check-Off,Normal,0.0,0,0
629,186,12,1,2025-05-12,213400.0,48,1.1,Check-Off,Normal,146712.55,0,1
630,288,1,1,2026-05-11,78400.0,1,1.0,Check-Off,Normal,0.0,0,0
631,144,6,2,2026-07-11,15600.0,12,1.3,Check-Off,Normal,14300.0,0,0
632,158,10,1,2024-08-20,27000.0,7,1.5,Cash-MobileMoney,Normal,0.02,0,0
633,251,13,2,2026-08-06,327400.0,61,1.1,Direct-Standing-Order,Normal,327400.0,0,1
634,305,6,1,2025-08-31,36800.0,12,1.3,Direct-Standing-Order,Loss,15495.78,184,0
635,255,5,1,2024-03-13,44400.0,4,1.4,Cash-MobileMoney,Normal,0.0,0,1
636,97,9,3,2023-06-06,10200.0,3,1.7,Cash-MobileMoney,Normal,0.0,0,0
637,27,13,1,2025-07-10,317900.0,60,1.1,Direct-Standing-Order,Normal,249021.71,0,1
638,320,9,2,2023-08-06,6300.0,3,1.7,Direct-Standing-Order,Normal,0.0,0,0
639,122,2,1,2025-02-07,19300.0,13,1.5,Check-Off,Normal,0.0,0,0
640,85,10,2,2025-07-04,9800.0,6,1.5,Check-Off,Normal,0.02,0,0
641,228,5,1,2026-02-22,51800.0,4,1.4,Check-Off,Substandard,25900.0,39,1
642,112,4,3,2024-04-09,44800.0,24,1.2,Check-Off,Normal,0.0,0,0
643,187,1,3,2023-04-14,72200.0,1,1.0,Direct-Standing-Order,Normal,0.0,0,0
644,284,1,2,2024-10-05,93500.0,3,1.0,Direct-Standing-Order,Substandard,62333.33,57,0
645,91,3,2,2024-08-21,72600.0,12,1.3,Direct-Standing-Order,Normal,0.0,0,0
646,126,9,2,2025-04-06,15800.0,2,1.7,Direct-Standing-Order,Normal,0.0,0,0
647,86,1,2,2022-11-16,28000.0,1,1.0,Cash-MobileMoney,Normal,0.0,0,0
648,143,6,1,2024-07-20,29900.0,11,1.3,Cash-MobileMoney,Loss,23883.06,283,0
649,153,1,2,2024-04-24,40700.0,2,1.0,Check-Off,Normal,0.0,0,0
650,9,2,3,2024-07-16,43900.0,12,1.5,Cash-MobileMoney,Normal,0.04,0,0
