guarantee_id,loan_id,guarantor_member_id,guaranteed_amount_ksh,guarantor_deposits_committed_ksh
1,9,297,167700.0,7697.45
2,9,323,167700.0,20931.92
3,12,13,222300.0,23954.08
4,12,120,222300.0,27257.96
5,13,268,407450.0,29529.64
6,13,213,407450.0,18037.22
7,24,91,33550.0,38207.58
8,24,1,33550.0,38204.44
9,32,142,156550.0,21035.5
10,32,268,156550.0,35571.32
11,36,214,24400.0,27594.42
12,36,311,24400.0,11577.75
13,37,134,414900.0,14977.43
14,37,47,414900.0,18529.8
15,38,348,21800.0,14417.93
16,38,107,21800.0,19332.75
17,47,324,249000.0,15539.08
18,47,5,249000.0,28158.26
19,48,152,211900.0,21249.71
20,48,136,211900.0,8493.31
21,51,348,138300.0,18470.68
22,51,330,138300.0,34366.16
23,53,24,75100.0,34311.32
24,53,326,75100.0,25608.39
25,55,264,23450.0,34507.61
26,55,154,23450.0,24173.21
27,59,263,57950.0,29252.76
28,59,149,57950.0,6644.3
29,62,322,199650.0,34509.9
30,62,317,199650.0,15540.42
31,63,296,96500.0,36884.53
32,63,117,96500.0,19267.15
33,67,161,72250.0,32498.1
34,67,127,72250.0,29926.97
35,68,56,21200.0,27594.31
36,68,90,21200.0,7869.08
37,70,298,453250.0,24955.61
38,70,280,453250.0,18183.08
39,75,94,655750.0,28087.71
40,75,321,655750.0,14258.22
41,86,185,37950.0,27925.67
42,86,123,37950.0,39147.61
43,87,48,104450.0,14957.28
44,87,283,104450.0,34041.77
45,91,296,385850.0,22178.19
46,91,141,385850.0,39453.81
47,99,44,62650.0,37605.64
48,99,337,62650.0,18644.62
49,106,174,178300.0,7101.83
50,106,321,178300.0,17443.12
51,109,308,152500.0,10612.02
52,109,285,152500.0,23589.81
53,125,163,25950.0,35337.05
54,125,250,25950.0,23604.62
55,127,197,194100.0,38621.2
56,127,268,194100.0,26435.69
57,130,235,114400.0,19964.45
58,130,127,114400.0,32167.52
59,133,105,241600.0,8156.29
60,133,234,241600.0,16342.62
61,134,186,566950.0,23333.61
62,134,44,566950.0,18443.06
63,137,148,23350.0,26309.56
64,137,220,23350.0,16077.1
65,153,97,162600.0,18460.83
66,153,286,162600.0,37356.87
67,168,2,468550.0,38395.44
68,168,198,468550.0,33629.18
69,171,73,68000.0,27884.1
70,171,252,68000.0,21492.69
71,178,70,22300.0,34807.8
72,178,57,22300.0,21050.26
73,191,295,103000.0,20431.1
74,191,65,103000.0,17938.53
75,193,219,730600.0,18513.94
76,193,190,730600.0,5426.68
77,196,35,195150.0,31094.8
78,196,308,195150.0,25337.3
79,197,164,21350.0,35741.1
80,197,237,21350.0,9742.41
81,206,254,202550.0,18467.34
82,206,60,202550.0,20993.1
83,210,277,683350.0,5618.46
84,210,280,683350.0,31738.77
85,215,223,115500.0,16152.86
86,215,211,115500.0,34057.5
87,220,53,332550.0,29446.88
88,220,84,332550.0,22721.71
89,221,214,22800.0,11366.12
90,221,190,22800.0,35673.65
91,230,304,124350.0,34294.2
92,230,55,124350.0,10382.14
93,245,173,654750.0,8988.93
94,245,221,654750.0,12934.16
95,250,216,27850.0,36002.4
96,250,207,27850.0,29527.66
97,253,291,73100.0,28293.22
98,253,323,73100.0,34557.35
99,254,186,24100.0,8429.57
100,254,234,24100.0,29907.41
101,256,214,23900.0,10052.12
102,256,84,23900.0,9449.34
103,259,288,254800.0,11734.94
104,259,45,254800.0,26654.64
105,262,349,26150.0,7061.98
106,262,87,26150.0,38639.32
107,264,36,242450.0,8140.03
108,264,154,242450.0,29445.03
109,269,273,158500.0,13852.24
110,269,315,158500.0,24604.06
111,272,129,26700.0,10756.86
112,272,102,26700.0,15878.21
113,285,97,433300.0,31954.59
114,285,221,433300.0,29427.94
115,290,160,26450.0,12104.05
116,290,302,26450.0,30087.02
117,304,197,177550.0,27420.72
118,304,263,177550.0,13134.89
119,320,210,189950.0,26939.31
120,320,227,189950.0,26854.75
121,323,165,26500.0,27182.21
122,323,9,26500.0,35570.21
123,326,297,178950.0,15877.96
124,326,1,178950.0,25652.09
125,329,28,177550.0,39309.69
126,329,62,177550.0,27753.42
127,330,251,22350.0,28407.73
128,330,330,22350.0,22841.2
129,333,339,52900.0,11323.25
130,333,61,52900.0,25968.59
131,336,185,676200.0,9497.22
132,336,144,676200.0,26780.95
133,337,65,171200.0,23426.65
134,337,91,171200.0,35642.92
135,340,118,158800.0,27247.23
136,340,157,158800.0,8042.98
137,342,347,241500.0,36632.95
138,342,270,241500.0,11118.5
139,343,61,23950.0,15471.23
140,343,149,23950.0,15274.08
141,346,206,52850.0,30409.81
142,346,258,52850.0,30966.26
143,355,61,22650.0,7369.8
144,355,225,22650.0,19665.15
145,359,197,24550.0,14007.08
146,359,336,24550.0,26918.04
147,360,203,74650.0,20611.96
148,360,80,74650.0,30543.42
149,364,13,44100.0,19949.74
150,364,118,44100.0,10158.18
151,369,219,104350.0,6892.92
152,369,192,104350.0,8710.34
153,373,141,28600.0,23252.54
154,373,49,28600.0,39227.42
155,376,171,79100.0,36377.89
156,376,210,79100.0,22625.24
157,382,179,21800.0,21397.1
158,382,240,21800.0,23729.05
159,384,344,183000.0,11442.74
160,384,133,183000.0,6880.98
161,386,232,634950.0,27200.26
162,386,65,634950.0,27362.07
163,388,147,108300.0,29099.27
164,388,339,108300.0,20312.28
165,394,312,348550.0,23758.4
166,394,16,348550.0,23129.82
167,398,63,519100.0,37819.63
168,398,192,519100.0,8596.03
169,401,145,177950.0,32042.54
170,401,166,177950.0,21894.72
171,404,254,664100.0,20174.79
172,404,267,664100.0,28840.62
173,409,170,138200.0,25620.17
174,409,201,138200.0,38084.33
175,412,228,156700.0,22633.53
176,412,162,156700.0,28980.71
177,421,55,404150.0,30485.71
178,421,91,404150.0,18442.92
179,422,309,262800.0,16582.19
180,422,278,262800.0,12840.74
181,423,54,557150.0,22380.89
182,423,19,557150.0,12883.58
183,427,28,23950.0,36514.89
184,427,179,23950.0,29692.56
185,434,241,26600.0,26767.07
186,434,151,26600.0,10610.95
187,445,115,809050.0,16449.05
188,445,40,809050.0,22747.11
189,452,11,26600.0,8158.84
190,452,196,26600.0,29665.57
191,460,160,728850.0,10031.99
192,460,171,728850.0,27046.98
193,462,166,22400.0,25955.55
194,462,291,22400.0,35499.98
195,464,3,150400.0,29551.26
196,464,161,150400.0,11974.37
197,465,169,38750.0,22513.13
198,465,156,38750.0,9105.38
199,467,129,21400.0,9208.39
200,467,352,21400.0,36491.67
201,468,189,26000.0,22597.77
202,468,130,26000.0,5454.81
203,481,69,239100.0,32064.12
204,481,205,239100.0,36430.75
205,483,224,25150.0,16885.53
206,483,48,25150.0,27891.57
207,488,21,294950.0,35376.39
208,488,63,294950.0,21108.78
209,497,210,54650.0,31294.83
210,497,181,54650.0,19636.3
211,503,21,50000.0,18980.03
212,503,188,50000.0,37458.65
213,513,290,160300.0,31694.33
214,513,202,160300.0,5198.54
215,525,52,220900.0,17613.74
216,525,183,220900.0,15849.36
217,529,165,65850.0,32414.41
218,529,15,65850.0,16605.37
219,535,344,167800.0,12306.42
220,535,161,167800.0,30671.12
221,536,46,183300.0,38590.71
222,536,310,183300.0,35277.98
223,537,262,21350.0,19687.59
224,537,170,21350.0,34270.37
225,555,47,25800.0,14117.69
226,555,95,25800.0,12021.26
227,556,89,101450.0,27276.86
228,556,97,101450.0,22437.05
229,559,13,233950.0,8651.15
230,559,253,233950.0,24643.85
231,560,271,23700.0,11582.76
232,560,22,23700.0,8121.56
233,564,286,108650.0,12027.59
234,564,256,108650.0,23137.89
235,574,80,23600.0,19065.68
236,574,330,23600.0,32365.06
237,580,139,164900.0,16747.22
238,580,193,164900.0,33110.11
239,581,345,28450.0,33191.63
240,581,44,28450.0,36966.96
241,582,170,20650.0,8704.15
242,582,342,20650.0,9269.24
243,588,122,24250.0,38016.83
244,588,267,24250.0,33126.77
245,593,286,164350.0,25784.58
246,593,81,164350.0,31546.15
247,594,122,237900.0,31413.08
248,594,48,237900.0,39031.18
249,604,136,22900.0,37554.4
250,604,235,22900.0,36057.67
251,609,345,24100.0,38711.64
252,609,140,24100.0,11582.44
253,616,1,154500.0,32997.73
254,616,260,154500.0,22332.1
255,620,131,26700.0,8221.71
256,620,280,26700.0,13588.63
257,621,353,586900.0,38899.77
258,621,80,586900.0,7688.72
259,629,39,106700.0,25993.76
260,629,223,106700.0,19606.08
261,633,324,163700.0,37695.63
262,633,138,163700.0,35616.3
263,635,193,22200.0,39435.36
264,635,283,22200.0,5114.35
265,637,340,158950.0,7095.8
266,637,292,158950.0,8900.12
267,641,351,25900.0,10893.36
268,641,194,25900.0,19140.22
