member_id,join_date,branch_id,member_segment,employment_type,employer_name,share_capital_ksh,monthly_savings_target_ksh,member_status
1,2024-04-04,1,Individual,Self-Employed,,18000.0,1700.0,Active
2,2018-08-10,1,Individual,Salaried-CheckOff,Employer_013,18500.0,1600.0,Active
3,2025-09-30,1,Individual,Self-Employed,,18500.0,1550.0,Active
4,2019-10-10,3,Individual,Salaried-CheckOff,Employer_023,18200.0,1830.0,Active
5,2026-05-05,2,Individual,Salaried-Direct,,19000.0,1720.0,Dormant
6,2023-11-25,2,Individual,Self-Employed,,18800.0,1940.0,Dormant
7,2020-04-05,3,Individual,Salaried-Direct,,17400.0,1570.0,Active
8,2026-07-03,1,SME,Salaried-CheckOff,Employer_011,17000.0,1630.0,Active
9,2023-09-19,3,SME,Self-Employed,,19000.0,1820.0,Active
10,2019-07-16,1,Individual,Salaried-CheckOff,Employer_037,17200.0,1740.0,Active
11,2021-02-22,3,Individual,Salaried-CheckOff,Employer_036,18700.0,1610.0,Active
12,2017-07-20,1,Individual,Salaried-CheckOff,Employer_004,16700.0,1450.0,Active
13,2020-04-25,2,Individual,Business Owner,,17900.0,1930.0,Dormant
14,2024-01-31,1,Individual,Business Owner,,18700.0,1810.0,Active
15,2017-10-09,1,Individual,Business Owner,,19100.0,1510.0,Active
16,2026-03-27,1,Individual,Salaried-Direct,,19000.0,1650.0,Active
17,2017-10-23,1,Individual,Self-Employed,,18000.0,1350.0,Active
18,2026-06-02,1,Individual,Business Owner,,18900.0,1490.0,Active
19,2016-11-18,2,Individual,Salaried-CheckOff,Employer_005,18000.0,1430.0,Active
20,2017-11-07,3,Individual,Business Owner,,17600.0,1480.0,Active
21,2018-04-03,2,SME,Salaried-CheckOff,Employer_024,17900.0,1420.0,Active
22,2022-08-06,1,SME,Salaried-Direct,,16200.0,1770.0,Active
23,2016-05-08,1,Learning Institution,Salaried-CheckOff,Employer_016,17800.0,1670.0,Active
24,2022-06-18,3,Individual,Self-Employed,,18900.0,1460.0,Active
25,2020-09-30,1,Individual,Business Owner,,16300.0,1740.0,Active
26,2024-03-01,1,Individual,Business Owner,,17000.0,1460.0,Active
27,2019-02-14,1,Individual,Business Owner,,16400.0,1830.0,Dormant
28,2023-04-25,1,Religious Institution,Self-Employed,,19400.0,1910.0,Dormant
29,2021-06-12,1,Individual,Business Owner,,19200.0,1450.0,Active
30,2026-05-23,1,Corporate,Salaried-CheckOff,Employer_028,18600.0,1820.0,Active
31,2018-02-16,2,Individual,Business Owner,,18100.0,1680.0,Active
32,2022-07-20,1,Individual,Business Owner,,18000.0,1380.0,Active
33,2016-10-07,3,SME,Self-Employed,,16900.0,1420.0,Dormant
34,2022-09-01,1,Individual,Salaried-CheckOff,Employer_038,17200.0,1510.0,Active
35,2018-12-23,1,Individual,Self-Employed,,17200.0,1540.0,Active
36,2021-02-20,1,SME,Salaried-Direct,,16500.0,1670.0,Active
37,2019-11-30,1,Learning Institution,Business Owner,,17400.0,1440.0,Dormant
38,2022-11-10,2,Religious Institution,Self-Employed,,17900.0,1750.0,Active
39,2017-02-28,3,Learning Institution,Salaried-CheckOff,Employer_008,18700.0,1440.0,Active
40,2019-11-05,1,Individual,Salaried-Direct,,17000.0,1640.0,Dormant
41,2017-01-13,3,SME,Self-Employed,,16300.0,1550.0,Active
42,2017-10-23,3,SME,Salaried-Direct,,17600.0,1360.0,Active
43,2026-02-19,3,Individual,Salaried-CheckOff,Employer_024,16700.0,1430.0,Active
44,2024-12-04,3,Religious Institution,Salaried-CheckOff,Employer_023,17000.0,1410.0,Active
45,2020-07-22,3,Religious Institution,Self-Employed,,19300.0,1490.0,Active
46,2017-12-26,3,Learning Institution,Salaried-CheckOff,Employer_022,17500.0,1750.0,Active
47,2017-10-14,1,Corporate,Salaried-CheckOff,Employer_003,16900.0,1840.0,Active
48,2024-12-01,1,Learning Institution,Salaried-CheckOff,Employer_013,17100.0,1390.0,Active
49,2021-09-17,1,Individual,Business Owner,,18000.0,1910.0,Active
50,2018-01-01,3,SME,Business Owner,,16300.0,1710.0,Active
51,2020-11-22,3,SME,Salaried-Direct,,17500.0,1700.0,Active
52,2016-01-07,2,Individual,Self-Employed,,18500.0,1910.0,Active
53,2020-11-01,1,Individual,Self-Employed,,17300.0,1540.0,Dormant
54,2019-05-15,2,Individual,Self-Employed,,17300.0,1770.0,Active
55,2023-06-16,1,Learning Institution,Self-Employed,,19200.0,1720.0,Active
56,2016-01-02,2,Individual,Salaried-CheckOff,Employer_038,17200.0,1620.0,Active
57,2024-11-25,2,Learning Institution,Self-Employed,,16700.0,1400.0,Active
58,2019-10-04,2,Individual,Business Owner,,16900.0,1540.0,Active
59,2016-07-08,1,Individual,Salaried-CheckOff,Employer_005,19200.0,1700.0,Active
60,2020-06-24,1,Individual,Self-Employed,,16200.0,1800.0,Active
61,2020-10-07,1,Individual,Self-Employed,,18500.0,1630.0,Active
62,2017-05-12,3,Individual,Self-Employed,,18400.0,1940.0,Active
63,2025-12-30,3,Individual,Self-Employed,,19200.0,1610.0,Dormant
64,2017-10-13,1,SME,Salaried-CheckOff,Employer_017,19000.0,1520.0,Active
65,2018-09-06,2,Individual,Salaried-CheckOff,Employer_019,17300.0,1890.0,Active
66,2020-04-17,1,SME,Self-Employed,,16400.0,1590.0,Active
67,2018-04-27,1,Corporate,Salaried-CheckOff,Employer_038,16200.0,1880.0,Active
68,2026-07-28,2,Individual,Self-Employed,,19100.0,1920.0,Active
69,2022-02-14,2,Corporate,Business Owner,,17800.0,1510.0,Active
70,2023-07-02,1,SME,Salaried-CheckOff,Employer_011,19300.0,1940.0,Active
71,2022-08-21,3,SME,Salaried-CheckOff,Employer_028,17700.0,1380.0,Active
72,2019-08-31,1,Individual,Business Owner,,17100.0,1920.0,Active
73,2021-04-10,3,Individual,Salaried-Direct,,19500.0,1560.0,Active
74,2023-04-23,3,Individual,Salaried-CheckOff,Employer_016,16200.0,1440.0,Active
75,2022-04-29,2,Learning Institution,Salaried-CheckOff,Employer_017,16700.0,1710.0,Active
76,2025-03-09,1,Individual,Salaried-CheckOff,,17200.0,1760.0,Exited
77,2024-01-07,1,Individual,Salaried-Direct,,19000.0,1500.0,Active
78,2023-09-03,1,SME,Salaried-CheckOff,Employer_037,17300.0,1610.0,Active
79,2019-10-29,2,Individual,Salaried-CheckOff,Employer_032,19400.0,1730.0,Dormant
80,2020-11-18,2,Individual,Salaried-Direct,,18400.0,1720.0,Dormant
81,2021-03-19,2,Individual,Self-Employed,,17100.0,1860.0,Dormant
82,2025-11-20,1,Individual,Self-Employed,,18100.0,1750.0,Active
83,2019-08-24,2,Individual,Salaried-CheckOff,Employer_017,19100.0,1770.0,Active
84,2026-08-19,1,Individual,Salaried-CheckOff,Employer_027,18700.0,1760.0,Active
85,2024-11-21,2,Individual,Salaried-CheckOff,Employer_026,17200.0,1700.0,Active
86,2020-10-08,2,Religious Institution,Salaried-Direct,,17300.0,1620.0,Active
87,2024-02-02,1,Individual,Salaried-CheckOff,Employer_035,18500.0,1460.0,Active
88,2022-08-11,1,Religious Institution,Salaried-Direct,,17100.0,1410.0,Active
89,2018-01-04,1,Individual,Self-Employed,,16600.0,1380.0,Active
90,2026-08-02,1,Individual,Business Owner,,17800.0,1870.0,Active
91,2020-12-09,2,Individual,Business Owner,,17000.0,1870.0,Active
92,2021-07-07,1,Individual,Salaried-Direct,,16300.0,1440.0,Active
93,2018-10-13,1,Individual,Self-Employed,,18200.0,1820.0,Active
94,2021-01-19,2,Learning Institution,Salaried-CheckOff,Employer_038,17200.0,1720.0,Active
95,2026-08-17,2,Corporate,Salaried-Direct,,17000.0,1400.0,Active
96,2017-10-03,2,Individual,Salaried-CheckOff,Employer_039,16300.0,1520.0,Active
97,2016-10-18,3,SME,Business Owner,,18800.0,1730.0,Active
98,2020-10-07,3,Individual,Salaried-CheckOff,Employer_010,19000.0,1390.0,Active
99,2024-05-25,1,Corporate,Business Owner,,17600.0,1630.0,Active
100,2019-01-20,1,Individual,Salaried-CheckOff,Employer_006,19200.0,1790.0,Active
101,2018-07-26,1,Religious Institution,Self-Employed,,18100.0,1920.0,Exited
102,2019-01-08,2,SME,Self-Employed,,16700.0,1660.0,Active
103,2022-07-25,1,Individual,Self-Employed,,19400.0,1630.0,Active
104,2017-03-04,1,Learning Institution,Salaried-CheckOff,Employer_032,19400.0,1840.0,Active
105,2019-07-12,2,Individual,Salaried-CheckOff,Employer_026,19000.0,1350.0,Dormant
106,2016-08-10,2,Individual,Salaried-CheckOff,Employer_032,18700.0,1470.0,Active
107,2020-11-29,3,Learning Institution,Salaried-CheckOff,Employer_002,18200.0,1490.0,Active
108,2022-03-12,2,Individual,Salaried-CheckOff,Employer_008,16500.0,1850.0,Active
109,2021-09-15,2,SME,Salaried-CheckOff,Employer_031,17000.0,1680.0,Active
110,2021-09-12,3,SME,Salaried-CheckOff,Employer_005,18800.0,1600.0,Dormant
111,2025-03-14,2,Individual,Self-Employed,,19000.0,1700.0,Active
112,2021-01-03,3,Individual,Salaried-CheckOff,Employer_036,17400.0,1910.0,Dormant
113,2018-09-05,3,SME,Salaried-CheckOff,Employer_027,18700.0,1770.0,Active
114,2023-06-11,1,Corporate,Self-Employed,,16700.0,1930.0,Active
115,2019-09-21,3,Learning Institution,Business Owner,,17600.0,1670.0,Active
116,2020-08-06,2,Learning Institution,Business Owner,,16400.0,1820.0,Active
117,2020-06-16,2,SME,Business Owner,,19000.0,1870.0,Active
118,2024-01-22,1,Learning Institution,Salaried-CheckOff,,16400.0,1730.0,Dormant
119,2024-05-16,3,Individual,Business Owner,,18700.0,1770.0,Active
120,2019-05-11,1,Learning Institution,Salaried-CheckOff,Employer_004,17400.0,1440.0,Active
121,2024-11-20,2,Individual,Salaried-CheckOff,Employer_040,18300.0,1490.0,Dormant
122,2021-03-03,1,SME,Salaried-CheckOff,Employer_001,17700.0,1520.0,Active
123,2026-08-07,1,Individual,Salaried-Direct,,18300.0,1600.0,Active
124,2018-03-26,3,Religious Institution,Business Owner,,16500.0,1580.0,Active
125,2023-11-04,1,Individual,Business Owner,,18400.0,1510.0,Active
126,2024-05-08,2,Religious Institution,Business Owner,,18700.0,1850.0,Dormant
127,2018-07-31,2,SME,Salaried-CheckOff,Employer_013,18500.0,1780.0,Active
128,2023-01-17,3,Individual,Salaried-Direct,,16300.0,1820.0,Active
129,2017-06-22,1,Individual,Salaried-CheckOff,Employer_027,16600.0,1670.0,Exited
130,2026-03-30,2,Individual,Salaried-CheckOff,Employer_031,17200.0,1870.0,Active
131,2016-11-04,2,Individual,Business Owner,,19100.0,1780.0,Exited
132,2025-01-08,3,SME,Salaried-CheckOff,,18000.0,1620.0,Active
133,2022-07-22,2,Individual,Salaried-Direct,,17400.0,1750.0,Active
134,2026-07-30,2,SME,Business Owner,,16900.0,1390.0,Dormant
135,2019-05-22,3,SME,Salaried-CheckOff,Employer_003,17200.0,1650.0,Active
136,2017-07-09,3,Individual,Salaried-CheckOff,Employer_035,18700.0,1440.0,Active
137,2021-06-27,1,SME,Business Owner,,17100.0,1760.0,Active
138,2018-08-25,1,Learning Institution,Salaried-CheckOff,Employer_024,19500.0,1570.0,Active
139,2017-05-15,1,Learning Institution,Self-Employed,,16500.0,1480.0,Active
140,2016-07-26,3,Corporate,Salaried-CheckOff,Employer_009,16800.0,1850.0,Active
141,2025-02-12,2,Learning Institution,Salaried-CheckOff,Employer_010,18200.0,1520.0,Exited
142,2022-01-21,3,Individual,Salaried-CheckOff,Employer_002,17400.0,1820.0,Active
143,2018-12-22,1,Individual,Self-Employed,,17900.0,1800.0,Active
144,2021-10-03,2,SME,Salaried-CheckOff,Employer_015,16300.0,1820.0,Dormant
145,2021-02-19,2,SME,Salaried-CheckOff,Employer_031,17600.0,1410.0,Active
146,2026-01-31,1,Individual,Salaried-Direct,,16400.0,1520.0,Active
147,2019-08-24,2,Individual,Salaried-Direct,,17200.0,1650.0,Active
148,2017-04-13,3,Learning Institution,Self-Employed,,18800.0,1780.0,Active
149,2018-07-24,2,Individual,Self-Employed,,17500.0,1790.0,Active
150,2018-11-10,1,Individual,Salaried-CheckOff,Employer_031,19000.0,1410.0,Active
151,2025-02-07,2,Individual,Salaried-CheckOff,Employer_036,18400.0,1600.0,Dormant
152,2020-09-28,3,Learning Institution,Self-Employed,,19400.0,1710.0,Active
153,2018-05-21,2,Individual,Salaried-CheckOff,Employer_007,18000.0,1420.0,Active
154,2020-10-23,1,Corporate,Business Owner,,18900.0,1720.0,Active
155,2026-06-02,1,SME,Self-Employed,,16200.0,1510.0,Active
156,2019-12-08,3,Individual,Business Owner,,18100.0,1590.0,Active
157,2016-05-05,2,Individual,Salaried-Direct,,17400.0,1620.0,Active
158,2019-08-21,1,Corporate,Salaried-Direct,,16400.0,1380.0,Active
159,2023-07-23,2,Individual,Salaried-CheckOff,Employer_028,17700.0,1510.0,Active
160,2020-10-26,1,Individual,Self-Employed,,18200.0,1670.0,Active
161,2022-09-20,1,Individual,Salaried-CheckOff,Employer_014,18700.0,1520.0,Active
162,2020-10-29,2,Individual,Salaried-CheckOff,Employer_015,19000.0,1830.0,Active
163,2016-06-22,3,Individual,Salaried-CheckOff,Employer_005,18100.0,1690.0,Active
164,2017-04-16,1,Individual,Business Owner,,16700.0,1920.0,Active
165,2020-01-22,2,Individual,Self-Employed,,17000.0,1700.0,Active
166,2019-06-24,1,SME,Salaried-CheckOff,Employer_011,18300.0,1670.0,Active
167,2019-12-09,2,SME,Self-Employed,,18900.0,1490.0,Active
168,2022-10-03,1,Individual,Self-Employed,,16400.0,1920.0,Active
169,2022-04-28,2,Corporate,Salaried-CheckOff,Employer_037,19500.0,1540.0,Exited
170,2020-12-06,1,Individual,Salaried-CheckOff,Employer_020,18200.0,1560.0,Active
171,2016-06-03,2,Individual,Self-Employed,,16400.0,1870.0,Dormant
172,2021-09-07,2,Individual,Salaried-Direct,,19400.0,1790.0,Active
173,2022-05-30,3,SME,Salaried-CheckOff,Employer_031,19400.0,1620.0,Active
174,2024-01-04,3,Individual,Salaried-Direct,,16300.0,1770.0,Exited
175,2022-11-02,2,Individual,Salaried-CheckOff,Employer_019,18800.0,1760.0,Active
176,2019-10-02,2,Individual,Salaried-CheckOff,Employer_025,18600.0,1740.0,Dormant
177,2019-09-27,3,Individual,Self-Employed,,19300.0,1540.0,Active
178,2017-06-12,2,SME,Business Owner,,17200.0,1580.0,Active
179,2023-07-07,3,SME,Business Owner,,19500.0,1900.0,Active
180,2021-09-13,2,Individual,Salaried-CheckOff,Employer_012,17300.0,1810.0,Active
181,2017-09-26,3,Individual,Self-Employed,,16500.0,1810.0,Dormant
182,2016-06-03,3,SME,Business Owner,,18300.0,1710.0,Active
183,2023-10-08,1,Corporate,Self-Employed,,16700.0,1610.0,Active
184,2018-08-30,2,Religious Institution,Salaried-Direct,,18700.0,1820.0,Active
185,2025-01-25,1,Corporate,Business Owner,,16800.0,1760.0,Active
186,2024-08-17,1,Individual,Salaried-CheckOff,Employer_034,16700.0,1470.0,Active
187,2016-08-01,3,SME,Business Owner,,18000.0,1410.0,Dormant
188,2019-03-13,3,Individual,Salaried-CheckOff,Employer_029,16700.0,1610.0,Exited
189,2021-01-21,1,Learning Institution,Business Owner,,17600.0,1590.0,Active
190,2016-11-30,1,Individual,Salaried-CheckOff,Employer_007,18400.0,1820.0,Active
191,2025-04-21,1,Individual,Self-Employed,,18700.0,1630.0,Active
192,2016-03-18,3,Individual,Self-Employed,,18000.0,1790.0,Active
193,2019-03-26,1,Individual,Salaried-CheckOff,Employer_016,18800.0,1620.0,Active
194,2022-09-10,3,Individual,Salaried-Direct,,18100.0,1780.0,Active
195,2019-12-16,1,Individual,Salaried-CheckOff,Employer_006,17400.0,1920.0,Active
196,2021-09-10,3,SME,Salaried-CheckOff,Employer_031,17500.0,1570.0,Active
197,2016-10-03,1,Individual,Self-Employed,,18300.0,1810.0,Active
198,2016-06-30,1,Individual,Salaried-CheckOff,Employer_012,18500.0,1940.0,Active
199,2017-07-06,1,Individual,Self-Employed,,17700.0,1530.0,Active
200,2016-06-20,1,Individual,Salaried-CheckOff,Employer_026,18000.0,1500.0,Active
201,2020-01-02,1,Learning Institution,Salaried-CheckOff,Employer_022,18900.0,1610.0,Active
202,2020-05-02,1,Individual,Salaried-CheckOff,Employer_032,18900.0,1510.0,Active
203,2020-10-29,1,SME,Self-Employed,,18000.0,1540.0,Active
204,2019-06-09,2,Individual,Self-Employed,,16700.0,1620.0,Active
205,2026-03-22,2,Individual,Business Owner,,17100.0,1940.0,Exited
206,2023-02-24,1,Individual,Salaried-Direct,,18700.0,1450.0,Active
207,2023-08-09,3,Corporate,Salaried-CheckOff,Employer_005,18300.0,1570.0,Exited
208,2017-09-20,1,SME,Business Owner,,17400.0,1810.0,Active
209,2020-06-18,2,Individual,Salaried-CheckOff,,16800.0,1660.0,Dormant
210,2024-09-09,1,Individual,Salaried-CheckOff,Employer_040,19300.0,1640.0,Active
211,2021-01-25,3,Individual,Self-Employed,,19500.0,1840.0,Exited
212,2023-06-28,3,Individual,Salaried-CheckOff,Employer_035,17200.0,1440.0,Active
213,2017-12-14,2,Corporate,Salaried-Direct,,16600.0,1470.0,Active
214,2016-04-17,3,Individual,Salaried-Direct,,17700.0,1940.0,Active
215,2016-09-26,3,Individual,Business Owner,,18600.0,1670.0,Active
216,2016-10-29,3,Individual,Salaried-CheckOff,Employer_005,18500.0,1560.0,Dormant
217,2023-03-05,3,SME,Self-Employed,,16600.0,1650.0,Dormant
218,2021-10-23,3,Individual,Salaried-CheckOff,Employer_021,16900.0,1920.0,Active
219,2016-11-19,1,Individual,Salaried-Direct,,18000.0,1430.0,Active
220,2021-08-20,2,SME,Salaried-Direct,,18100.0,1450.0,Active
221,2019-10-14,3,Corporate,Salaried-Direct,,19000.0,1370.0,Active
222,2022-06-20,2,Individual,Salaried-CheckOff,Employer_037,18300.0,1650.0,Active
223,2019-05-22,1,Individual,Self-Employed,,18500.0,1530.0,Active
224,2020-12-05,1,Individual,Salaried-CheckOff,Employer_022,17200.0,1780.0,Active
225,2020-06-21,3,Individual,Salaried-CheckOff,Employer_036,17000.0,1420.0,Active
226,2016-07-26,1,Individual,Salaried-CheckOff,Employer_040,19400.0,1890.0,Active
227,2024-02-01,3,Individual,Self-Employed,,17800.0,1660.0,Active
228,2016-04-04,1,Individual,Salaried-CheckOff,Employer_030,16900.0,1560.0,Active
229,2025-11-23,2,Corporate,Self-Employed,,17100.0,1350.0,Active
230,2018-12-19,1,SME,Self-Employed,,17400.0,1590.0,Active
231,2022-03-16,1,Individual,Salaried-CheckOff,Employer_029,17100.0,1940.0,Active
232,2017-01-31,1,Individual,Self-Employed,,17300.0,1910.0,Active
233,2021-09-16,1,Individual,Salaried-CheckOff,Employer_003,17300.0,1630.0,Active
234,2021-10-12,2,Individual,Business Owner,,17200.0,1590.0,Active
235,2022-08-28,3,Individual,Self-Employed,,18000.0,1780.0,Active
236,2020-02-17,3,Individual,Salaried-CheckOff,Employer_027,18900.0,1790.0,Active
237,2021-04-27,1,Individual,Self-Employed,,19500.0,1700.0,Active
238,2021-05-21,1,Individual,Salaried-Direct,,18300.0,1850.0,Active
239,2016-05-09,2,SME,Self-Employed,,16800.0,1610.0,Active
240,2018-04-15,1,Individual,Self-Employed,,19300.0,1870.0,Active
241,2017-07-19,1,Individual,Salaried-Direct,,19500.0,1640.0,Active
242,2021-02-25,3,Learning Institution,Salaried-CheckOff,Employer_023,19100.0,1760.0,Active
243,2021-06-06,1,Individual,Salaried-CheckOff,Employer_036,19400.0,1940.0,Active
244,2023-09-28,2,SME,Salaried-CheckOff,Employer_023,19300.0,1780.0,Active
245,2022-02-02,2,Individual,Business Owner,,18900.0,1920.0,Active
246,2019-03-24,1,Religious Institution,Salaried-CheckOff,Employer_029,18700.0,1480.0,Dormant
247,2022-04-21,1,SME,Salaried-CheckOff,Employer_040,17000.0,1380.0,Dormant
248,2018-08-11,1,Individual,Salaried-CheckOff,Employer_031,18800.0,1350.0,Active
249,2020-07-24,3,SME,Business Owner,,17800.0,1740.0,Active
250,2019-03-15,1,SME,Business Owner,,16500.0,1690.0,Active
251,2026-07-03,2,Individual,Business Owner,,17600.0,1850.0,Dormant
252,2025-05-18,1,Individual,Salaried-CheckOff,Employer_019,16200.0,1690.0,Active
253,2019-03-11,3,Individual,Salaried-Direct,,17900.0,1880.0,Active
254,2019-01-22,2,Individual,Salaried-CheckOff,Employer_011,18400.0,1780.0,Active
255,2019-04-23,1,SME,Self-Employed,,16700.0,1860.0,Dormant
256,2021-10-11,3,Individual,Salaried-CheckOff,Employer_007,16600.0,1540.0,Active
257,2018-08-22,1,Individual,Salaried-CheckOff,Employer_022,18600.0,1360.0,Active
258,2016-09-11,2,SME,Salaried-CheckOff,Employer_011,17900.0,1890.0,Active
259,2017-04-25,1,SME,Business Owner,,17400.0,1480.0,Exited
260,2021-02-06,2,SME,Salaried-Direct,,17600.0,1680.0,Active
261,2023-06-13,2,Corporate,Self-Employed,,18500.0,1710.0,Active
262,2021-12-03,2,SME,Salaried-CheckOff,Employer_037,19000.0,1890.0,Active
263,2017-11-04,2,Individual,Salaried-Direct,,16500.0,1470.0,Active
264,2021-09-21,1,Individual,Salaried-CheckOff,Employer_009,17700.0,1380.0,Active
265,2024-02-10,3,Individual,Salaried-CheckOff,Employer_001,18100.0,1380.0,Active
266,2016-09-03,1,Learning Institution,Salaried-CheckOff,,17500.0,1810.0,Active
267,2023-03-30,3,Religious Institution,Salaried-CheckOff,Employer_025,19300.0,1580.0,Active
268,2025-10-22,3,Individual,Self-Employed,,17300.0,1460.0,Active
269,2024-02-29,2,Religious Institution,Self-Employed,,18700.0,1940.0,Active
270,2020-10-03,2,Individual,Self-Employed,,17000.0,1560.0,Active
271,2024-02-17,3,Corporate,Salaried-CheckOff,Employer_027,19300.0,1880.0,Active
272,2022-08-29,1,Individual,Salaried-Direct,,18500.0,1380.0,Active
273,2018-08-17,1,Individual,Self-Employed,,18800.0,1430.0,Exited
274,2026-04-11,1,SME,Salaried-CheckOff,Employer_039,18900.0,1490.0,Dormant
275,2021-11-05,3,Individual,Salaried-CheckOff,Employer_004,18200.0,1790.0,Active
276,2022-03-26,2,Individual,Business Owner,,19400.0,1750.0,Active
277,2020-09-01,1,Individual,Salaried-CheckOff,Employer_012,17800.0,1860.0,Active
278,2025-01-13,2,Individual,Salaried-CheckOff,Employer_027,18000.0,1430.0,Active
279,2023-04-02,1,Individual,Salaried-CheckOff,Employer_024,18600.0,1460.0,Active
280,2022-10-05,2,Individual,Salaried-CheckOff,Employer_038,18100.0,1640.0,Dormant
281,2026-03-12,1,Individual,Business Owner,,19400.0,1420.0,Exited
282,2018-09-20,2,SME,Self-Employed,,17500.0,1490.0,Active
283,2021-03-24,1,Individual,Salaried-CheckOff,Employer_017,19200.0,1630.0,Active
284,2024-07-16,2,Corporate,Business Owner,,17400.0,1600.0,Active
285,2017-08-20,1,Individual,Salaried-Direct,,18100.0,1780.0,Active
286,2018-07-31,1,Individual,Self-Employed,,17800.0,1740.0,Active
287,2025-03-19,1,Individual,Self-Employed,,18700.0,1630.0,Active
288,2017-07-27,1,SME,Salaried-CheckOff,Employer_035,19400.0,1660.0,Dormant
289,2025-03-04,1,SME,Self-Employed,,17600.0,1860.0,Active
290,2016-02-07,2,Individual,Salaried-CheckOff,Employer_004,18400.0,1720.0,Active
291,2016-01-28,2,Individual,Salaried-CheckOff,Employer_002,17100.0,1940.0,Active
292,2023-07-23,3,Individual,Business Owner,,16800.0,1900.0,Active
293,2022-12-13,1,Individual,Self-Employed,,17100.0,1590.0,Active
294,2022-05-03,1,Individual,Self-Employed,,17200.0,1850.0,Active
295,2023-04-15,3,Corporate,Salaried-CheckOff,Employer_025,17800.0,1730.0,Active
296,2025-06-24,1,Individual,Self-Employed,,18100.0,1860.0,Active
297,2016-06-23,2,Individual,Business Owner,,18500.0,1690.0,Active
298,2023-09-04,3,Learning Institution,Business Owner,,18100.0,1370.0,Dormant
299,2018-04-28,1,SME,Self-Employed,,18600.0,1590.0,Active
300,2018-09-11,1,SME,Self-Employed,,18500.0,1670.0,Active
301,2024-11-11,2,Religious Institution,Self-Employed,,17900.0,1930.0,Active
302,2025-05-28,1,Individual,Salaried-Direct,,18200.0,1710.0,Exited
303,2023-02-10,1,Individual,Business Owner,,17800.0,1560.0,Exited
304,2023-08-16,1,SME,Salaried-CheckOff,Employer_040,17000.0,1390.0,Active
305,2024-10-15,1,SME,Self-Employed,,17200.0,1410.0,Active
306,2020-01-14,1,Corporate,Salaried-CheckOff,Employer_006,17700.0,1680.0,Active
307,2019-12-20,1,SME,Salaried-Direct,,18800.0,1870.0,Active
308,2024-09-26,1,Individual,Business Owner,,19200.0,1940.0,Active
309,2020-04-08,1,Individual,Salaried-CheckOff,Employer_018,16400.0,1610.0,Active
310,2016-11-11,2,Individual,Business Owner,,18600.0,1650.0,Active
311,2017-07-08,2,Individual,Business Owner,,17300.0,1720.0,Active
312,2019-10-03,1,Individual,Self-Employed,,18400.0,1710.0,Active
313,2023-10-18,2,Individual,Salaried-CheckOff,Employer_026,17100.0,1770.0,Active
314,2018-09-19,2,Individual,Salaried-CheckOff,Employer_026,19300.0,1470.0,Exited
315,2024-08-10,1,SME,Business Owner,,17700.0,1780.0,Active
316,2023-10-08,1,Individual,Self-Employed,,18900.0,1750.0,Active
317,2018-10-31,1,SME,Self-Employed,,18800.0,1390.0,Exited
318,2020-06-29,2,Individual,Business Owner,,19100.0,1600.0,Active
319,2023-11-13,3,Learning Institution,Salaried-Direct,,18300.0,1400.0,Active
320,2019-12-25,2,Individual,Salaried-Direct,,18100.0,1740.0,Active
321,2019-09-20,3,Religious Institution,Salaried-CheckOff,Employer_001,16900.0,1800.0,Active
322,2018-06-24,2,Individual,Salaried-CheckOff,Employer_038,16700.0,1950.0,Active
323,2026-04-28,1,Religious Institution,Salaried-CheckOff,Employer_010,17300.0,1820.0,Active
324,2017-02-03,1,Individual,Self-Employed,,17200.0,1530.0,Active
325,2025-07-10,1,Individual,Salaried-CheckOff,Employer_011,18700.0,1660.0,Active
326,2020-10-12,1,Religious Institution,Salaried-CheckOff,Employer_026,16800.0,1740.0,Active
327,2025-11-26,2,Individual,Salaried-Direct,,17500.0,1770.0,Active
328,2025-01-25,2,Corporate,Salaried-Direct,,18900.0,1670.0,Active
329,2017-04-11,1,Individual,Business Owner,,17900.0,1730.0,Active
330,2022-08-01,2,Individual,Salaried-CheckOff,Employer_030,18900.0,1770.0,Active
331,2016-12-13,2,SME,Salaried-CheckOff,Employer_016,16800.0,1770.0,Active
332,2017-07-18,1,SME,Salaried-CheckOff,Employer_032,18500.0,1740.0,Exited
333,2021-06-28,2,Individual,Salaried-CheckOff,Employer_029,19100.0,1920.0,Active
334,2020-04-21,1,Religious Institution,Salaried-Direct,,17800.0,1760.0,Active
335,2021-06-24,3,Individual,Salaried-Direct,,18900.0,1480.0,Active
336,2019-03-28,1,Individual,Salaried-CheckOff,Employer_032,16500.0,1420.0,Active
337,2020-02-11,3,Individual,Self-Employed,,18700.0,1610.0,Active
338,2024-04-02,1,Corporate,Self-Employed,,17200.0,1950.0,Active
339,2025-02-27,1,Individual,Business Owner,,16500.0,1840.0,Active
340,2023-09-23,2,Individual,Self-Employed,,18300.0,1450.0,Active
341,2018-04-27,1,Corporate,Salaried-Direct,,18000.0,1710.0,Active
342,2019-04-13,3,Individual,Salaried-CheckOff,Employer_033,18500.0,1410.0,Exited
343,2026-04-21,3,Individual,Salaried-CheckOff,Employer_009,16600.0,1440.0,Active
344,2025-06-17,1,SME,Salaried-CheckOff,Employer_037,18300.0,1580.0,Active
345,2024-08-15,3,Individual,Salaried-Direct,,17100.0,1910.0,Active
346,2019-09-02,3,SME,Business Owner,,19000.0,1410.0,Exited
347,2023-10-27,2,Individual,Salaried-CheckOff,Employer_035,19400.0,1840.0,Active
348,2019-03-07,1,Individual,Salaried-Direct,,18100.0,1640.0,Active
349,2016-07-17,2,Individual,Salaried-Direct,,19000.0,1360.0,Dormant
350,2021-02-12,1,Individual,Business Owner,,16800.0,1760.0,Active
351,2021-06-28,2,Individual,Salaried-CheckOff,Employer_029,19100.0,1920.0,Active
352,2026-06-02,1,SME,Self-Employed,,16200.0,1510.0,Active
353,2025-11-20,1,Individual,Self-Employed,,18100.0,1750.0,Active
