recovery_id,loan_id,recovery_date,recovery_source,amount_recovered_ksh,related_activity_id
1,11,2026-02-12,Borrower Payment,3677.19,2
2,23,2023-07-26,Borrower Deposit,10074.94,
3,30,2026-02-25,Borrower Deposit,15458.85,4
4,62,2026-08-01,Borrower Payment,34225.71,9
5,63,2023-08-28,Borrower Deposit,22982.3,12
6,70,2025-11-03,Borrower Payment,59046.11,14
7,105,2025-05-06,Guarantor Deposit,4468.29,26
8,136,2026-05-20,Borrower Payment,9992.31,34
9,150,2024-12-10,Guarantor Deposit,28179.22,42
10,151,2023-07-23,Borrower Payment,10880.51,43
11,165,2026-01-19,Borrower Payment,3355.26,45
12,172,2026-03-07,Borrower Payment,11600.0,
13,174,2024-07-28,Borrower Deposit,10158.78,47
14,214,2025-03-12,Borrower Payment,1611.47,
15,216,2024-09-24,Borrower Deposit,10785.26,56
16,226,2026-03-21,Borrower Payment,7087.64,63
17,231,2026-08-20,Borrower Payment,2394.81,64
18,248,2024-11-15,Borrower Deposit,10475.01,70
19,277,2026-01-25,Borrower Deposit,3833.32,73
20,278,2024-02-19,Borrower Payment,2484.38,74
21,284,2024-10-01,Borrower Payment,9243.42,79
22,328,2025-05-20,Other Recovery,17826.85,90
23,363,2023-02-09,Borrower Payment,7750.0,101
24,396,2025-06-10,Borrower Deposit,4278.3,117
25,407,2026-03-09,Borrower Payment,4355.18,
26,421,2025-05-01,Borrower Payment,31258.85,120
27,464,2026-01-21,Borrower Deposit,12604.41,
28,465,2025-02-09,Borrower Payment,6642.87,136
29,489,2026-07-01,Borrower Payment,7858.27,142
30,513,2026-06-28,Borrower Deposit,21373.32,
31,535,2024-08-28,Guarantor Deposit,22388.09,156
32,564,2025-03-09,Guarantor Deposit,22158.77,162
33,582,2023-11-28,Borrower Payment,16520.0,
34,583,2026-07-08,Borrower Payment,2075.39,
35,584,2024-05-19,Borrower Deposit,6650.01,168
36,588,2024-05-21,Borrower Payment,27225.79,173
